subreddit,id,author,author_flair_text,author_fullname,domain,link_flair_text,title,selftext,score,num_comments,created_utc,full_link
Creation,etly3z,robertbyers1,0,t2_58yf44j5,self.Creation,0,"are,just,marsupials,placentals,pouches,with,yes","a,about,absurd,absurdity,adventurous,ago,agree,aidea,all,also,although,america,an,and,antomical,anyone,are,areas,ark,as,at,aussietopia,australia,be,being,biology,birds,bodyplan,bodyplans,but,by,byers,called,can,centuries,change,classification,classify,commanded,comon,convergent,cool,could,created,creationism,creatures,critters,despite,detail,details,did,dinosaurs,does,don,done,earth,elsewhere,enough,envirormental,equation,error,essay,etc,evidence,evolution,evolutionists,exception,explain,explained,few,filled,first,flood,for,forced,forms,fossil,go,god,google,great,group,groups,hands,he,held,here,how,i,idea,if,imagine,in,influence,insist,instead,invoke,it,its,joined,just,kinds,likewise,lions,look,mammals,march,marsupial,marsupials,mice,migration,moles,most,mutually,my,not,obvious,of,on,one,or,organized,other,perfect,picked,poorly,post,pouch,quickly,record,refused,related,reproduction,reptiles,robert,s,said,same,say,seem,series,shape,show,smart,still,systems,t,take,that,the,them,there,therefore,they,thing,thinks,this,those,thread,time,to,traits,travel,trivial,try,under,upon,was,ways,were,will,with,without,wolves,written,wrong,wrote,years",1,2,1579925550,https://www.reddit.com/r/Creation/comments/etly3z/are_marsupials_just_placentals_with_pouches_yes/
Creation,ethnl0,misterme987,0,t2_47tbvjxf,self.Creation,0,"hypothesis,rna,the,world","a,able,accept,acs,actual,actually,adenine,after,already,also,although,amp,an,analogue,and,another,any,anything,apart,approximately,ar,are,articles,as,assumed,assuming,at,atom,backbone,bases,be,because,been,before,began,begin,begins,best,billion,bonds,both,brings,by,c,calcium,called,can,cannot,carbon,cases,catalytic,cause,cavities,cell,cells,cellular,celsius,challenge,chance,chemical,chemically,chemistry,cmi,com,combination,combine,come,comes,complex,component,composed,compounds,concentration,concentrations,contact,content,copy,copying,cosmosmagazine,could,created,cytosine,days,degrees,depth,developed,did,discussion,dna,doi,each,early,effective,en,encode,energy,enough,enzyme,enzymes,even,every,evolution,evolutionary,evolve,exist,explain,extremely,failure,far,few,final,finally,first,for,form,formaldehyde,formed,forming,formose,free,from,fundamental,g,generally,given,go,gov,half,has,have,hcn,high,how,however,https,hurdle,hydrothermal,hypothesis,i,if,in,information,interfere,into,ion,ions,is,it,itself,known,later,laws,length,life,like,likely,lipid,literally,lives,living,m,made,main,make,makes,making,many,means,membranes,mentioned,metabolic,metabolism,million,minerals,modern,molecules,more,most,mutation,mystery,natural,naturally,ncbi,need,needed,needs,never,new,nih,nitrogen,nitrogenous,nlm,no,not,nucleobase,nucleobases,nucleotide,nucleotides,observed,ocean,oceans,of,on,once,one,ones,only,or,org,origin,originate,originated,other,others,our,outside,over,page,pdf,phosphate,place,pmc,pnas,po,polymerase,polymerases,post,prebiotic,premise,presence,pressures,previously,problem,problematic,problems,process,processes,produce,production,products,proponents,proteins,provoke,pubmed,pubs,q,quickly,r,randomly,react,reaction,reasons,replicate,require,researchers,ribonucleoproteins,ribose,ribosomes,ribozyme,ribozymes,right,rna,run,s,same,scientists,second,seen,selection,self,sequence,sequences,several,short,shortest,show,showing,shown,significant,simple,snapped,so,solved,some,source,specific,specified,stable,start,still,strand,strands,stress,studies,such,sugar,suggest,sulfur,sure,t,take,temperatures,than,that,the,their,them,then,theories,theory,there,thermodynamically,these,things,think,third,this,though,time,to,took,trapped,tries,u,undesirable,units,unlikely,unrealistically,up,uphill,us,utter,vents,very,viruses,was,we,were,which,wiki,wikipedia,will,with,within,without,work,world,would,wrong,www,years,yet,you",1,2,1579904507,https://www.reddit.com/r/Creation/comments/ethnl0/the_rna_world_hypothesis/
Creation,etdh00,pauldouglasprice,0,t2_46k3iah9,self.Creation,0,"by,entropy,evolutionist,genetic,get,massively,this,triggered,watch","all,answered,are,be,been,biological,by,can,cannot,darwinism,darwinsts,data,declared,decline,deleterious,destroyed,disdain,do,dr,experiments,facts,from,genetics,has,he,hear,here,hide,himself,his,how,https,including,inevitable,is,know,many,mutations,nearly,neutral,of,openly,or,overwhelmingly,pxn,question,quyskps,real,really,right,s,sanford,serves,show,so,stand,such,t,test,that,the,this,times,to,upset,utterly,very,we,well,youtu",1,2,1579886695,https://www.reddit.com/r/Creation/comments/etdh00/watch_this_evolutionist_get_massively_triggered/
Creation,et45wp,saggyshealthalt,"creationist,denying,science",t2_4h4ws52t,self.Creation,0,"did,gilgamesh,lie,noah,to","a,about,account,acre,air,almost,amp,and,anu,approximately,as,ask,b,banks,be,beautiful,been,betrayed,boat,build,but,can,city,cleverest,cleverly,com,commonly,council,crafts,cubits,decks,deification,described,destroy,did,dimensions,dozen,ea,each,earth,enlil,ennugi,euphrates,everything,family,feet,firmament,flood,floor,fraudulent,gilgamesh,god,gods,had,he,heard,height,him,his,house,https,humankind,immense,in,irrigation,it,king,known,lit,living,load,meets,met,misinformation,ninurta,noah,of,on,once,one,or,ordered,other,out,plans,possessions,prosperous,really,replies,says,secrecy,secret,section,seed,sending,shuruppak,side,six,so,space,sparknotes,speaking,story,survivor,sworn,tell,tells,ten,terrible,that,the,then,thing,this,time,to,told,up,upon,utnapishtim,walls,war,warned,was,wells,while,wind,wiped,wisdom,with,would,www,x",1,6,1579834454,https://www.reddit.com/r/Creation/comments/et45wp/did_noah_lie_to_gilgamesh/
Creation,et3816,nomenmeum,0,t2_oogqj,youtube.com,0,"any,belief,craig,do,god,in,lane,modern,movement,of,scientists,see,toward,william,you",0,1,8,1579829929,https://www.reddit.com/r/Creation/comments/et3816/do_you_see_any_movement_of_modern_scientists/
Creation,esrzai,saggyshealthalt,"creationist,denying,science",t2_4h4ws52t,self.Creation,0,"continued,debate,for,help,i,my,need","a,an,and,answer,ask,astroids,astronomy,audience,bang,big,by,case,coming,could,craters,creation,debate,deep,determining,earth,fight,for,giant,good,h,have,horizon,i,if,in,is,it,min,moon,my,need,of,on,opponent,or,other,our,planets,problem,questions,reason,ring,science,sides,slip,solar,someone,standpoint,starlight,system,thanks,the,these,things,time,to,up,versed,we,weeks,well,what,whether,will,with,young",1,20,1579780018,https://www.reddit.com/r/Creation/comments/esrzai/i_need_help_for_my_debate_continued/
Creation,esrbc6,azusfan,"cosmic,watcher",t2_541cninl,nan,0,"ancestry,as,common,engine,for,mutation",0,1,3,1579775627,https://www.reddit.com/r/Creation/comments/esrbc6/mutation_as_engine_for_common_ancestry/
Creation,esn6t2,saggyshealthalt,"creationist,denying,science",t2_4h4ws52t,answersingenesis.org,0,"babel,check,enough,evidence,flood,for,if,just,legends,of,out,over,t,these,tower,wasn,you",0,1,25,1579748982,https://www.reddit.com/r/Creation/comments/esn6t2/if_over_200_flood_legends_wasnt_enough_evidence/
Creation,esjgk4,pauldouglasprice,0,t2_46k3iah9,self.Creation,0,"fail,headline,ignorant,is,mutating,virus","all,and,case,china,co,coronavirus,death,every,forms,hope,https,in,is,it,just,keeps,less,let,life,like,make,mutating,mutations,news,no,of,oh,over,replicate,s,so,tend,the,them,thesun,they,time,to,toll,uk,virulent,virus,viruses,weaker,wuhan,www",1,11,1579732408,https://www.reddit.com/r/Creation/comments/esjgk4/ignorant_virus_headline_fail_virus_is_mutating/
Creation,esg61n,deadweather,yec,t2_5owyg,quantamagazine.org,0,"debate,evolution,how,is,neutral,really,theorists",0,1,5,1579718390,https://www.reddit.com/r/Creation/comments/esg61n/theorists_debate_how_neutral_evolution_really_is/
Creation,esfn7s,pauldouglasprice,0,t2_46k3iah9,self.Creation,0,"be,debateevolution,i,improving,might,thought,was,wrong","a,about,after,am,amp,apparently,are,banned,be,because,bunch,can,clowns,com,comments,compliment,compliments,creation,days,debate,debateevolution,esbgc,even,finished,fitness,for,giving,gotten,guys,had,https,i,improved,just,link,lol,long,medium,moderation,my,not,now,of,on,pretend,r,reddit,serious,share,shared,source,sub,t,the,they,those,to,utm,web,www,x",1,0,1579716082,https://www.reddit.com/r/Creation/comments/esfn7s/i_thought_debateevolution_might_be_improving_i/
Creation,esd0em,rare pepe2020,0,t2_4ral5vfv,creation.com,0,"a,believe,creation,don,in,is,moon,mystery,origin,s,t,the,those,to,who",0,1,27,1579704662,https://www.reddit.com/r/Creation/comments/esd0em/the_moons_origin_is_a_mystery_to_those_who_dont/
Creation,es6vns,saggyshealthalt,"creationist,denying,science",t2_4h4ws52t,icr.org,0,"bang,big,continuing,creation,for,institute,model,of,research,the,troubles",0,1,2,1579667609,https://www.reddit.com/r/Creation/comments/es6vns/continuing_troubles_for_the_big_bang_model/
Creation,es2qw5,mrh2,"m,mensa,physics,sc",t2_8y18w,reddit.com,0,"discussion,emergent,of,phenomena",0,1,35,1579647706,https://www.reddit.com/r/Creation/comments/es2qw5/discussion_of_emergent_phenomena/
Creation,es2hkb,saggyshealthalt,"creationist,denying,science",t2_4h4ws52t,genesissciencenetwork.com,0,"a,and,apologetics,creationist,earth,genesis,livestream,network,on,provides,science,wow,young",0,1,1,1579646680,https://www.reddit.com/r/Creation/comments/es2hkb/wow_genesis_science_network_provides_a_247/
Creation,es25lk,misterme987,0,t2_47tbvjxf,self.Creation,0,"any,debateevolution,on,post,r,this,thoughts","a,against,all,almost,amp,and,animals,any,app,are,argument,arguments,as,at,axis,bad,be,because,been,before,being,believe,beneficial,bias,both,by,call,cannot,coding,com,comment,comments,community,completely,confirmation,debate,debateevolution,degrade,degraded,deleterious,did,different,dna,do,don,done,drift,due,effect,either,enough,entire,entropy,es,escape,even,eventually,evidence,evolution,exists,explaining,fact,fatal,finally,fitness,form,from,gave,gene,genes,genetic,genome,h,happen,has,have,he,hear,here,how,https,human,humans,i,if,in,induced,ios,iossmf,is,isn,it,junk,just,know,made,many,me,means,medium,meltdown,misunderstood,modern,most,must,mutational,mutations,n,name,neutral,not,nothing,of,on,once,ones,only,or,organisms,other,otherwise,out,percentage,please,pool,population,post,pressures,probabilities,protein,prove,qk,r,read,recently,reddit,relabels,removal,removed,represent,s,said,sanford,say,seen,selected,selective,share,shows,sides,simply,since,small,so,some,source,still,studies,study,supposed,survive,susceptible,t,that,the,their,theory,there,these,they,things,this,thoughts,time,to,today,type,utm,virulence,want,wanted,way,well,whereas,which,wild,will,with,www,you,your",1,52,1579645345,https://www.reddit.com/r/Creation/comments/es25lk/any_thoughts_on_this_rdebateevolution_post/
Creation,es218b,onecowstampede,0,t2_2wnbytl0,self.Creation,0,lilikoi,"a,abstract,academic,across,activity,added,ago,all,allows,alpha,amount,amylase,amylases,an,and,animals,are,aren,arrangement,article,asian,assume,at,bacteria,baking,be,become,bending,beta,biscuits,both,bread,breaks,brilliant,but,by,came,can,cbw,certain,chromosome,classified,cod,code,com,comes,complex,conserve,conserved,consideration,contains,could,damaged,days,definitely,delicious,denatured,depending,depends,design,despite,diet,dissent,do,doc,double,down,eat,eaten,effectively,effort,en,energy,enough,enzyme,enzymes,essential,exhibits,extremes,fast,fatness,few,folded,food,for,forest,from,fruit,fruits,fulltext,fully,function,fungi,garage,gate,geese,gene,get,god,good,gov,grain,groups,guide,ha,had,handle,have,haven,head,helical,here,high,highly,hiking,how,hrpxw,htjy,http,https,human,i,if,in,inactivated,including,increase,info,interactive,interestingly,intermediate,into,is,it,its,itself,jb,jsmol,just,last,like,lilikoi,lines,literally,lives,living,lnpml,local,low,m,machines,man,many,market,may,me,middle,min,mistakes,molecular,molecules,more,motm,multiple,my,name,ncbi,nerd,never,nih,nlm,no,none,note,nucleotide,nucleotides,of,off,on,one,only,or,org,organisms,oup,out,over,owe,palindrome,palindromic,pallindromic,passion,pdb,permanently,ph,plants,presence,prevents,produce,proteins,pubmed,rcsb,re,redirectedfrom,rendering,repair,residues,revealed,ripe,s,saliva,see,sees,sequence,sequences,showing,side,sides,signals,simple,simpler,since,six,spelling,spoilers,starches,stats,still,straightforward,stretch,struck,structure,structures,sugars,suggesting,super,t,tag,taking,temperature,temperatures,termination,that,the,there,thermostability,these,they,this,to,together,told,transcription,tropical,turn,turns,types,unhealthy,usable,video,wait,was,way,what,whether,wiki,wikipedia,wonder,would,www,x,y,you,your,yourself,youtu",1,0,1579644789,https://www.reddit.com/r/Creation/comments/es218b/lilikoi/
Creation,erxuln,nomenmeum,0,t2_oogqj,bereanarchive.org,0,"archive,berean,the",0,1,1,1579627352,https://www.reddit.com/r/Creation/comments/erxuln/the_berean_archive/
Creation,ercumb,azusfan,"cosmic,watcher",t2_541cninl,self.Creation,0,"ad,debate,fallacies,hominem,in,origins,the","a,above,accusation,ad,address,an,ancestry,and,any,anything,are,arsenal,as,attacks,attention,attribute,bad,banned,be,become,behavior,behind,belief,believe,blind,book,but,by,climate,common,complainer,complexity,contentious,convert,critical,cussing,dares,debate,deflection,deflects,deny,desperation,disagreed,discourse,discussion,do,does,dogpile,don,doubling,down,dupe,education,element,elicit,especially,essential,even,every,evidence,evolutionist,example,expose,facts,fallacy,far,favorite,focus,for,forum,forums,from,get,hapless,happen,has,have,here,hom,hominem,how,howls,ignorance,ignorant,ignore,illogical,imo,impotence,in,increasing,indignation,indoctrination,insult,intolerance,irrationality,is,it,just,know,laden,let,liar,logical,lying,mainstream,maker,man,means,mechanism,militant,minded,modern,more,most,motivation,multiple,mutation,need,no,not,of,on,one,open,opponent,or,origins,out,people,person,personal,pointing,poor,post,premise,proselytizing,public,puts,rarely,rather,rational,re,read,reason,reasoning,redefined,references,refuse,religious,response,responses,reveal,reveals,rude,s,say,science,scientific,settled,shifts,so,some,someone,spammer,start,steeped,stupid,substitute,such,t,than,that,the,they,this,time,tirade,to,tool,topic,topical,toward,troll,typical,understand,uneducated,used,weapon,what,whatever,when,who,why,will,with,without,would,xxx,you,your",1,20,1579524916,https://www.reddit.com/r/Creation/comments/ercumb/fallacies_in_the_origins_debate_ad_hominem/
Creation,eqv6m8,azusfan,"cosmic,watcher",t2_541cninl,self.Creation,0,"debate,fallacies,gallop,gish,in,origins,the","a,academia,accuracy,accusation,accused,accusers,ad,admission,after,age,all,allegedly,allotment,allotted,allowed,although,am,among,amp,an,ancestry,and,any,anyone,are,argument,arguments,art,article,as,at,atheist,attended,attending,audience,background,badge,basis,baylor,be,bears,became,being,block,bother,brigham,bumper,bust,by,can,censorship,century,chemistry,claims,cogent,coined,college,combining,coming,common,complain,complaint,complicated,continued,conveyed,convincing,country,courses,creation,creationism,creationist,creationists,criteria,crushing,cut,cutesy,dame,deal,debate,debater,debaters,debates,debating,decent,defend,defender,defending,deflection,deflections,deflective,demeaning,did,died,dismiss,dismissal,displayed,diverse,don,duane,during,early,easier,elicited,employ,engages,eugenie,even,every,everything,evolution,evolutionist,evolutionists,explain,facts,fallacy,faq,father,feel,first,fits,flooding,focuses,for,format,formats,forums,found,from,gallop,gish,give,great,have,he,henry,her,here,his,hominem,honor,how,humor,hypocrisy,i,if,impotent,impressed,in,including,information,irony,irrelevant,is,it,its,joining,journals,kid,kind,knowledge,last,let,library,list,logic,lose,lot,luck,made,make,many,material,mathematics,me,met,midwestern,modern,morris,much,multiple,name,named,new,no,not,note,notre,now,of,off,often,on,opponent,opponents,or,origins,other,out,overwhelmed,overwhelming,pastes,peculiar,personal,personally,phrase,physics,plenty,point,points,poison,possible,predictions,present,presentations,promoter,rally,rather,rational,rationality,real,reason,rebut,rebuttal,recognize,regard,reminded,response,rules,s,science,scientific,scores,scott,scrutiny,secondly,see,several,she,shorter,should,show,similar,smear,so,some,something,sort,sound,soundbite,specifically,stand,state,sticker,still,straighten,strength,stupider,suggestions,t,tactic,talk,taught,technique,tell,term,terror,testament,than,that,the,their,them,then,there,these,they,thing,think,this,time,to,together,topic,tough,troops,trying,unable,unfair,university,up,use,used,vocal,want,warmth,was,wealth,wear,well,what,when,who,why,wiki,will,wit,with,without,would,years,you,young,your",1,9,1579433213,https://www.reddit.com/r/Creation/comments/eqv6m8/fallacies_in_the_origins_debate_gish_gallop/
Creation,eqpzlu,saggyshealthalt,"creationist,denying,science",t2_4h4ws52t,self.Creation,0,"a,anything,better,can,critique,debateevolution,earth,feel,for,free,here,i,in,information,it,laymen,meant,not,on,or,paper,please,proof,r,research,respond,simple,small,so,submitted,the,to,update,will,with,work,wrote,young","a,able,absorbed,abstract,accelerator,account,accounts,accurate,action,actual,actually,adventist,after,afterward,afterwards,again,against,age,ages,ago,agree,akkadian,alarmingly,all,alpha,already,also,amount,amounts,an,analyzed,and,andrew,animal,animals,answer,answered,answers,answersingenesis,antediluvian,any,anything,anywhere,apr,are,areas,argonne,ark,arkencounter,around,artificial,as,associates,assumption,assumptions,at,atmosphere,atom,attempting,back,backtrack,based,be,because,beds,been,before,begins,being,beneath,bible,biblical,bk,bn,boat,book,breaking,bring,broken,built,buried,by,c,called,came,can,carbon,carried,catastrophic,cause,caused,center,chronology,circumstances,claim,clear,coal,coconuts,coexisting,column,com,compared,completely,concluded,concludes,consensus,consider,considered,contaminated,continental,could,countless,created,creation,creator,crushed,crust,culprit,culture,cultures,date,dates,dating,dead,death,decay,deep,deluge,department,descended,describe,described,destroy,destroyed,destruction,determine,determining,did,die,died,different,dimensions,discovered,disrupts,divine,divinely,do,dollar,down,during,each,earth,eat,eaten,effect,eight,encounter,energy,especially,even,event,events,eventually,ever,everything,evidence,example,examples,excessive,existence,eyewitness,fallibility,family,far,fault,few,final,first,flaw,flood,for,forests,form,formation,formed,forms,fortunately,fossilized,found,fountains,four,from,genesis,geologic,geological,geology,get,given,gives,god,great,ground,half,hard,has,have,hawaiian,he,here,himself,his,historically,hit,hitting,how,however,humans,hundreds,i,if,igniting,illinois,in,indication,indistinguishable,inside,into,is,isotope,it,jungles,kea,kill,know,known,laboratory,laid,landed,large,last,layers,legend,legends,less,lesson,life,like,lines,little,living,long,longer,machine,made,magazine,make,man,mankind,mass,massive,material,materials,means,media,methods,million,millions,moon,mount,mountain,multi,must,myths,n,named,narrative,national,natural,naturally,nitrogen,no,not,notion,now,nu,numerous,observable,observed,obvious,obviously,occur,occurred,occurring,oct,of,off,old,on,once,one,only,operated,or,org,organisms,original,originally,out,over,pace,people,period,piece,pigs,place,planet,plant,plants,popular,possible,power,probabilities,productions,project,proof,protected,prove,proven,puzzle,questions,quickly,radioactive,radiocarbon,radiometric,rainbow,rapid,rapidly,rate,rays,react,reaction,real,reason,recent,recently,records,references,relatively,rely,research,researchers,reshaping,respond,result,resulted,results,returned,reveal,rocks,roughly,s,sacrificed,safely,same,samples,save,saved,says,science,scientific,scientists,secular,seculars,sediments,sent,severe,shifting,should,shows,similar,since,single,snelling,so,solution,some,something,sought,spared,spectrometre,started,states,still,subject,successful,such,suggest,suggests,sun,supported,surprise,synchronized,ten,tens,testable,testimony,than,that,the,then,there,these,they,thing,this,though,thought,thousand,thousands,tidal,time,to,today,took,top,transfers,true,tsunamis,turns,type,u,under,underground,united,unknown,unprovable,unstable,unto,up,us,using,v,vj,want,was,watch,waves,we,were,what,when,where,which,who,why,wiped,with,within,witness,world,worldwide,would,www,xw,year,years,you,young,youtube",1,52,1579398270,https://www.reddit.com/r/Creation/comments/eqpzlu/i_wrote_a_small_research_paper_on_a_simple_proof/
Creation,eqpqxx,vhsbetamax,"biblical,creation",t2_1mlmuiwh,answersingenesis.org,0,"about,and,creation,division,flood,language,legends,what",0,1,10,1579397065,https://www.reddit.com/r/Creation/comments/eqpqxx/what_about_creation_flood_and_language_division/
Creation,eqk5my,gandalf196,0,t2_127ag5,discovermagazine.com,0,"controversial,discover,interview,lynn,margulis,not,right,s,says,she",0,1,2,1579372029,https://www.reddit.com/r/Creation/comments/eqk5my/discover_interview_lynn_margulis_says_shes_not/
Creation,eqja2q,gogglesaur,0,t2_5adl2,theatlantic.com,0,"atlantic,came,from,humans,i,never,taught,the,was,where",0,1,2,1579368266,https://www.reddit.com/r/Creation/comments/eqja2q/the_atlantic_i_was_never_taught_where_humans_came/
Creation,eqh1pv,misterme987,0,t2_47tbvjxf,youtu.be,0,"a,argument,evolution,homology,of,refutation,s",0,1,4,1579357977,https://www.reddit.com/r/Creation/comments/eqh1pv/a_refutation_of_evolutions_homology_argument/
Creation,eqgfno,killingspeerx,0,t2_ne11c,youtu.be,0,"a,about,and,are,articles,body,eng,evolution,how,i,in,matter,on,organs,points,reading,relation,remember,replied,several,simple,some,subtitle,summaries,that,the,their,there,these,this,tissues,to,turn,useless,vestigial,video,way,were",0,1,8,1579354449,https://www.reddit.com/r/Creation/comments/eqgfno/vestigial_organs_and_evolution_i_remember_reading/
Creation,eqfw6i,azusfan,"cosmic,watcher",t2_541cninl,self.Creation,0,"evolution,heresy,or,science,theistic","a,ability,abiogenesis,able,about,absolutes,accord,account,acts,advancement,all,allegory,also,america,among,an,ancestry,and,animal,answered,any,anything,appointed,are,arrive,arrives,as,aspiring,assume,at,atheistic,attempt,attempting,away,bad,be,because,been,before,beginning,being,belief,beliefs,biblical,blend,bore,both,boundaries,breath,breeding,bring,bringing,brutal,but,by,called,can,cannot,change,changing,chief,children,civilization,collective,come,commanded,common,companions,complete,comprehend,conclude,conflicting,conflicts,control,corrupt,could,create,created,creation,creator,darkness,days,deadly,death,deception,delusion,denies,descent,determined,deut,did,different,difficult,does,done,dream,duplicity,dwell,each,early,earth,ecc,elders,eliminating,emasculates,equal,established,even,event,events,every,evidence,evolution,evolve,evolved,evolving,exchanged,exist,face,fall,false,far,father,felt,fickle,find,finding,flawed,foolish,for,formed,forms,forty,from,further,genesis,gives,glorified,go,god,grope,habitation,had,hands,happen,has,have,having,he,healing,heard,heaven,heavens,higher,highly,him,himself,his,historical,human,hybridize,i,if,ignores,illusory,in,indoctrination,inferior,inner,instincts,into,irrational,is,it,jesus,john,judge,just,lame,leads,let,levels,liars,lie,life,light,limit,listen,live,logical,lord,lower,made,man,manage,mankind,many,meaningless,means,mechanisms,men,might,miracle,mixes,morality,morals,more,most,move,my,name,nation,naturalism,naturalistic,necessary,needed,neither,no,nor,not,nothing,now,observation,of,old,on,one,only,or,other,over,own,people,perfect,performed,perhaps,peter,poets,poison,pop,power,powerful,premise,priests,problems,process,processes,prophets,punishing,raised,rather,reality,relative,relaying,religious,remember,render,repay,reported,right,rom,root,s,said,science,scientific,scriptural,sea,seek,seen,selective,sense,served,shines,should,sight,since,so,social,some,soul,speak,spiritualize,sponsored,state,step,stock,subsequent,suffering,suspect,teach,temples,than,that,the,their,theistic,them,theological,theology,there,they,things,this,though,threatened,through,times,to,tribes,tries,truth,universe,unwise,us,used,useless,valid,view,voice,was,way,we,went,were,western,what,when,whether,which,who,whom,why,with,without,witness,word,world,worshipped,would,writers,years,you,your,youth",1,10,1579350933,https://www.reddit.com/r/Creation/comments/eqfw6i/theistic_evolution_science_or_heresy/
Creation,eqfcup,azusfan,"cosmic,watcher",t2_541cninl,self.Creation,0,"creator,evidence,for,speciation,the","a,able,about,adapt,all,already,amoeba,amp,an,and,animals,anymore,anywhere,are,as,availability,band,because,become,being,belief,beliefs,between,biggest,born,branches,branching,breed,breeding,brown,but,came,can,cared,change,changing,chihuahuas,combination,combinations,come,complexity,condition,conditions,constantly,contrary,create,dead,definition,descendants,descended,descent,devolution,did,die,different,discovered,dna,do,does,don,donkey,donkeys,enables,end,enemies,enough,environment,equilibrium,establishment,even,eventually,everywhere,evolution,exact,except,expansion,explain,extinct,fact,facts,family,for,from,full,gene,generations,genes,genetic,genetics,genus,get,go,has,have,hidden,hiding,hit,hits,holes,horse,humans,if,in,increases,increasing,indicate,indicating,information,instead,into,is,isolated,isolation,it,itself,jackpot,just,know,leaps,let,like,limited,line,link,lose,loses,losing,lost,machine,machines,made,main,man,massive,material,mean,mechanism,mentioned,might,millions,modern,more,mule,museums,narrow,narrowing,national,natural,needed,never,new,no,not,now,observable,observe,occasional,of,off,offspring,old,on,one,opening,opposite,or,origins,other,overwhelm,parent,parks,pick,pool,pop,premise,primary,produce,produced,progeny,prominent,prop,proven,pull,pulling,rabbit,rate,reaches,real,reality,reduce,repeat,repeatable,reproduce,reproductive,s,same,schools,science,scientific,screams,see,seldom,selection,sequence,since,slot,snowshoe,some,somewhat,speciation,species,sterile,still,strands,support,survival,survive,t,tacked,take,taught,that,the,their,them,then,theory,there,these,they,this,those,though,thousands,times,to,took,trace,trait,traits,tree,tv,until,up,variability,variety,vegas,very,viable,want,was,we,what,when,while,why,will,with,within,wolf,working,yet,you,zebra",1,8,1579347111,https://www.reddit.com/r/Creation/comments/eqfcup/evidence_for_the_creator_speciation/
Creation,eqeqts,trent 14575,0,t2_h03v4,self.Creation,0,"could,evolutionists,maybe,redpill,simulation,the,theory,we,with","a,about,absolutely,academia,accept,accepting,actual,actually,almost,an,and,any,argument,back,backdoor,backstory,be,become,been,brains,but,by,cannot,clickbait,completely,could,creation,defaulting,didn,discussing,disregard,distinct,door,easily,endorsing,every,evidence,evo,evolution,evolutionists,evolve,evolved,find,fits,for,google,groupthinking,gullible,has,have,how,i,idea,if,impossible,in,including,into,is,it,just,like,ll,maybe,message,might,mind,modern,mythic,nah,need,now,of,oh,on,or,otherwise,package,people,poorly,popular,possibility,recent,reject,resistant,rubes,s,same,says,science,scientist,scientists,seems,simulation,so,stream,supermen,t,that,the,their,then,theory,they,things,think,this,those,time,to,ultimately,ve,very,way,we,when,will,with,years",1,11,1579342524,https://www.reddit.com/r/Creation/comments/eqeqts/maybe_we_could_redpill_evolutionists_with_the/
Creation,eqah73,mrh2,"m,mensa,physics,sc",t2_8y18w,sci-hub.tw,0,"article,can,darwinian,evolution,few,fitter,follow,mutational,only,paths,proteins,to,very",0,1,6,1579314176,https://www.reddit.com/r/Creation/comments/eqah73/article_darwinian_evolution_can_follow_only_very/
Creation,eq3db5,misterme987,0,t2_47tbvjxf,docs.google.com,0,"a,about,creation,evolution,for,layman,slideshow,the,vs",0,1,24,1579281722,https://www.reddit.com/r/Creation/comments/eq3db5/a_slideshow_about_evolution_vs_creation_for_the/
Creation,epytun,azusfan,"cosmic,watcher",t2_541cninl,self.Creation,0,"creator,evidence,for,summary,the","a,an,analysis,and,angst,anomaly,around,as,atheists,be,bluff,but,canidae,com,combined,comments,compelling,conclusion,consensus,creation,creator,date,delusion,denial,dismissed,dna,e,each,eak,eay,ebfbp,edpauj,edpiwh,ef,efuent,egqth,elrqwy,em,equidae,equus,evidence,evident,examined,existence,experience,extinction,for,foxhole,hcng,hear,here,horsing,hostility,hostiliy,https,human,hysterical,i,individually,is,js,kw,m,mdo,might,mitochondrial,morality,more,natural,next,no,not,nyh,objective,of,origins,our,peculiarity,personal,posted,present,qwl,r,reality,realize,reddit,selection,self,series,so,summary,sure,that,the,there,they,threads,time,to,truth,universal,universe,vr,with,www,you",1,1,1579258097,https://www.reddit.com/r/Creation/comments/epytun/evidence_for_the_creator_summary/
Creation,epyn45,azusfan,"cosmic,watcher",t2_541cninl,self.Creation,0,"of,origins,philosophy","a,about,accident,affects,after,alien,all,also,amp,an,and,answer,answers,any,are,as,assert,assumptions,at,atheistic,authority,base,basic,basically,be,because,before,being,beings,belief,beliefs,believe,best,beyond,both,built,but,by,came,can,cannot,cease,clearly,combine,completely,concept,consensus,consequences,content,could,count,course,create,created,creationism,creator,critical,death,decent,decide,deeds,define,depending,design,destiny,die,different,discovery,disjointed,do,dogmatically,done,either,emotional,empirical,entire,eternity,even,evidence,evolution,evolved,exist,existence,explanation,explanations,fact,factors,faulty,figure,first,fit,flip,for,foundation,from,fundamental,future,good,grappling,guess,happened,has,have,here,hodge,how,human,humanity,hybrid,i,if,impossible,in,includes,institutions,intelligent,into,inventions,involvement,irrational,is,it,law,laws,left,life,like,likely,live,logic,logically,make,many,matter,may,meaningless,men,mental,method,methods,might,millennia,minds,models,morality,more,most,mystery,national,natural,naturalism,naturalist,naturalistic,nature,need,neither,no,not,nothing,now,observe,observed,of,on,one,only,options,or,origins,other,others,our,outside,own,parks,part,past,people,perceptions,perhaps,person,perspective,philosophers,philosophy,plausible,podge,point,possibilities,power,practically,process,processes,provable,prove,proven,public,purpose,question,questioning,questions,quo,really,reason,remains,repeated,require,rules,s,says,schools,science,scientific,scientifically,scrutinized,scrutiny,see,seeding,seen,senses,sensory,settled,should,shows,side,skepticism,so,some,souls,spent,spiritual,started,state,status,still,subject,submit,such,suffice,suggests,supernatural,support,t,taught,than,that,the,their,theories,theory,there,these,they,thinking,this,those,thought,to,today,tools,true,try,two,unanswerable,unfortunately,universe,unknown,unscientific,upon,use,used,very,via,view,was,we,were,what,when,where,which,who,why,will,wise,with,without,words,works,world,would,wrong,yet,you,zealously",1,0,1579256722,https://www.reddit.com/r/Creation/comments/epyn45/philosophy_of_origins/
Creation,epyeog,thakiddd,0,t2_ilaxw,amp.cnn.com,0,"animal,earliest,from,is,known,land,onto,prehistoric,scorpion,sea,thoughts,to,venture",0,1,8,1579254961,https://www.reddit.com/r/Creation/comments/epyeog/prehistoric_scorpion_is_earliest_known_animal_to/
Creation,epv499,rare pepe2020,0,t2_4ral5vfv,self.Creation,0,"a,earth,of,proof,young","a,about,actually,africa,age,all,an,arches,are,at,away,back,be,been,but,cape,cliffs,coastline,coastlines,collapsing,com,consistent,creation,cretaceous,day,deposited,distance,do,dover,during,earth,easily,end,england,eons,eroded,eroding,erosion,every,fast,find,from,gone,have,https,huge,idea,if,in,is,it,km,london,match,mean,meter,millions,more,must,national,not,observe,of,off,old,on,one,over,park,people,per,period,proof,rate,rates,remaining,rolls,see,since,so,south,speak,than,the,there,these,they,think,time,to,tongue,too,town,unimaginable,vanishing,we,what,when,white,will,with,world,would,year,years",1,135,1579233812,https://www.reddit.com/r/Creation/comments/epv499/proof_of_a_young_earth/
Creation,epuzk2,apolojedi,0,t2_u76se,apolojedi.com,"celebrate,let,s","a,book,days,matter,of,review",0,1,2,1579233153,https://www.reddit.com/r/Creation/comments/epuzk2/book_review_a_matter_of_days/
Creation,epi20i,azusfan,"cosmic,watcher",t2_541cninl,self.Creation,0,"attack,debate,or,sub","a,ad,ancestry,and,anyone,are,as,at,attack,attacks,banned,because,been,believers,bigotry,but,by,cabs,canidae,censored,chastised,clear,com,comments,common,confirmed,creation,creationism,creationist,creationists,critique,days,debate,debatecreation,debateevolution,decided,defense,demean,depart,desire,dickery,did,discussion,draw,eiwzn,engaged,entropy,equidae,etc,evolution,expert,failed,false,few,flounce,followed,from,genomic,goal,good,has,have,heckled,here,hominem,however,https,i,illustrate,in,is,just,lures,many,me,militant,misrepresented,mocked,mods,mrca,mt,my,not,of,on,one,only,opinions,origins,parting,personally,post,posted,pretense,pretenses,pseudoscience,r,rational,ready,real,reddit,relentless,results,ridicule,ridiculed,same,scientific,seen,several,shots,since,sub,subreddits,subs,surprise,surprised,suspicions,tack,target,test,that,the,them,there,they,thread,thrown,to,topic,treatises,under,vicious,vilify,vocal,was,well,when,which,who,worth,www",1,55,1579173762,https://www.reddit.com/r/Creation/comments/epi20i/debate_sub_or_attack_sub/
Creation,ephvg7,azusfan,"cosmic,watcher",t2_541cninl,self.Creation,0,"debate,fallacies,in,origins,projection,psychobabble,the","a,about,actual,ad,an,ancestry,and,are,at,attacks,attention,belief,combination,common,continuing,credibility,debate,deflect,deflecting,discussion,distracts,drawing,driven,empiricism,eschewed,evidence,examining,facts,fallacies,favor,for,from,glossed,have,herring,hominem,i,ignored,imo,impotence,in,is,it,maker,man,mental,methodology,motivation,multiple,not,of,on,or,origins,over,points,poisoning,poster,premise,projection,propaganda,psychobabble,reason,reasoning,red,religious,root,s,science,scientific,seen,series,speculation,state,temperament,tenet,that,the,theory,these,this,times,to,topic,universal,used,valid,well,whatever,when,which,with",1,2,1579172529,https://www.reddit.com/r/Creation/comments/ephvg7/fallacies_in_the_origins_debate_psychobabble/
Creation,ep7bsp,pauldouglasprice,0,t2_46k3iah9,self.Creation,0,"bible,compromise,new,the,version","a,according,adam,after,ages,all,amp,an,ancient,and,animals,arisen,as,b,be,bible,biblia,breathed,but,came,changed,com,communicated,companion,compromise,contains,could,creation,creature,cryptic,dim,e,earth,earthers,easily,esv,even,evolution,example,explanation,favorite,female,fill,first,for,form,from,fruitful,gen,genesis,god,grains,gt,had,have,here,hint,his,history,hominid,how,however,https,ignorant,image,in,instead,into,is,it,justifications,let,like,long,looked,made,make,man,manner,many,multiply,mythology,new,no,not,number,of,old,one,or,others,our,over,pair,people,possibly,primitive,said,sand,satire,scripture,so,spirit,supposedly,that,the,them,then,these,this,to,took,truth,truthful,understand,us,version,was,were,which,why,witted,x,years",1,21,1579117835,https://www.reddit.com/r/Creation/comments/ep7bsp/the_bible_new_compromise_version/
Creation,ep6r0c,saggyshealthalt,"creationist,denying,science",t2_4h4ws52t,0095.info,0,"against,evolution,the,thesis",0,1,11,1579115401,https://www.reddit.com/r/Creation/comments/ep6r0c/the_95_thesis_against_evolution/
Creation,eozxdj,azusfan,"cosmic,watcher",t2_541cninl,self.Creation,0,"children,debate,fallacies,in,marketplace,origins,the","a,also,and,arbitrary,are,be,being,book,busy,but,by,calling,can,children,comic,compare,creationist,cry,dance,demand,demands,did,dirge,distractors,each,exposed,fallacy,favor,for,frog,generation,god,great,hop,i,ignore,ignored,ignoring,in,is,it,jesus,labeled,like,luke,made,man,marketplace,must,not,of,on,or,other,out,outrageous,people,pipe,placed,played,points,redirecting,refuse,sang,say,significance,similar,sitting,that,the,then,these,they,this,thrown,to,topic,upon,villain,was,we,went,what,when,work,you",1,3,1579078739,https://www.reddit.com/r/Creation/comments/eozxdj/fallacies_in_the_origins_debate_marketplace/
Creation,eozvff,azusfan,"cosmic,watcher",t2_541cninl,self.Creation,0,"debate,fallacies,in,mob,origins,rule,the","a,accusations,actions,actual,aggression,ancestry,and,antifa,any,are,bandwagon,be,believers,between,but,cabs,caricatures,chorus,civil,civility,come,common,congregate,created,creation,creationist,debate,debates,deflects,differs,dogpiles,dynamic,everywhere,facts,fallacy,forum,french,from,gatherings,groups,hordes,human,implication,in,individuals,insults,is,it,like,lose,made,mentality,minded,mob,mocking,most,narrative,normally,of,on,only,or,origins,other,outnumber,overcomes,people,phenomenon,point,promoted,propriety,protestors,proves,reason,reasonable,result,results,revolution,ridicule,riots,seen,sense,similar,single,substitutes,such,that,the,to,together,unanimous,vs,we,where,with,would,wrong,you",1,6,1579078319,https://www.reddit.com/r/Creation/comments/eozvff/fallacies_in_the_origins_debate_mob_rule/
Creation,eottrt,misterme987,0,t2_47tbvjxf,answersingenesis.org,0,"answer,atheism,is,religious,yes",0,1,146,1579045639,https://www.reddit.com/r/Creation/comments/eottrt/is_atheism_religious_answer_yes/
Creation,eokwym,pauldouglasprice,0,t2_46k3iah9,self.Creation,0,"apologetics,cmi,debunks,dubious,hugh,new,ross,show,youtube","be,com,enjoy,episode,https,i,individuals,interest,know,might,of,on,particular,several,so,sub,this,to,u,v,watch,www,yicrmtbzq,youtube",1,14,1579006588,https://www.reddit.com/r/Creation/comments/eokwym/new_cmi_youtube_show_debunks_hugh_ross_dubious/
Creation,eok0o1,azusfan,"cosmic,watcher",t2_541cninl,self.Creation,0,"equivalence,fallacies,false,in,origins","a,accumulates,added,addresses,ancestry,and,asserted,assertion,at,basis,belief,but,by,certainty,changes,common,complexity,declared,different,directed,distinctly,diversity,dogmatic,equating,equivocation,fallacy,family,genome,gloss,has,huge,hurdles,in,increasing,inherent,into,is,it,macro,main,micro,no,not,observable,of,opponent,organism,organisms,over,phenomenon,pretending,progression,repeatable,same,scientific,similar,simple,speciation,structural,that,the,thing,this,to,traits,tries,unbased,variability,with,within,yet",1,5,1579000979,https://www.reddit.com/r/Creation/comments/eok0o1/fallacies_in_origins_false_equivalence/
Creation,eojxo3,azusfan,"cosmic,watcher",t2_541cninl,self.Creation,0,"book,comic,creation,debate,fallacies,in,the,villain","a,accusation,accusations,accuser,ad,almost,an,ancestry,and,any,apalled,appearance,as,at,attempt,attention,balloon,be,becomes,between,bow,but,casual,certainty,chambers,civil,clenched,common,correct,coward,creationist,critical,dare,dark,debate,defensive,deflection,directed,discredit,discussion,distract,echo,even,evil,facts,faith,false,figure,fist,focusing,fool,from,graphic,hominem,hominid,hope,humorous,ignore,image,imperatives,imposing,in,indignation,intended,is,it,its,jihadist,kneel,liar,minded,mindset,moral,narrative,nature,not,novel,of,on,opponent,or,out,outrage,over,people,person,projected,projects,put,question,rational,reader,reasoning,reflection,refuse,religious,reply,response,righteous,root,sacred,scientific,snarling,tenets,text,that,the,thinking,to,topic,toward,trying,unbased,very,villain,while,who,will,with,you,zeal,zod",1,0,1579000388,https://www.reddit.com/r/Creation/comments/eojxo3/fallacies_in_the_creation_debate_comic_book/
Creation,eo7d78,nomenmeum,0,t2_oogqj,youtube.com,0,"against,analogy,fails,god,miserably,puddle,the,why",0,1,99,1578937075,https://www.reddit.com/r/Creation/comments/eo7d78/why_the_puddle_analogy_against_god_fails_miserably/
Creation,enn9i0,azusfan,"cosmic,watcher",t2_541cninl,self.Creation,0,"creation,debate,fallacies,in,poison,the,well","a,accusations,accused,ad,address,among,ancestry,and,another,are,as,aspersions,attempting,be,belief,believers,blends,but,by,cabs,casting,common,creation,credibility,creo,debate,discredit,doubt,driven,each,empiricism,engender,eschewed,even,evidence,examine,examining,facts,fallacies,fallacy,favorite,favorites,fear,for,formidible,galloping,gish,going,good,having,hominem,i,imo,in,is,it,liar,list,loathing,made,make,many,methodology,most,not,of,on,one,opponent,or,origins,overlap,particular,person,points,poison,poisoning,probably,propaganda,punch,realized,reason,reasoning,religious,scientific,seemed,series,sites,smears,so,source,tactics,tenet,that,the,theory,there,these,they,this,those,though,time,to,together,toward,truthfulness,two,universal,used,valid,validity,vs,was,well,were,which,with,without,would",1,52,1578834570,https://www.reddit.com/r/Creation/comments/enn9i0/fallacies_in_the_creation_debate_poison_the_well/
Creation,enhhyw,saggyshealthalt,"creationist,denying,science",t2_4h4ws52t,answersingenesis.org,0,"amateur,an,article,brilliant,cool,design,fungi,here,hey,id,is,its,on,pretty",0,1,0,1578796070,https://www.reddit.com/r/Creation/comments/enhhyw/hey_fungi_is_pretty_cool_here_is_an_amateur_id/
Creation,en8b10,gmtime,"christian,yec",t2_ng8cw,en.wikipedia.org,0,"are,bacteria,bodies,designed,in,intestinal,it,our,with",0,1,4,1578754382,https://www.reddit.com/r/Creation/comments/en8b10/our_bodies_are_designed_with_intestinal_bacteria/
Creation,en7vh3,id10tjoeuser,0,t2_364nr,timesofisrael.com,0,"dating,getting,is,like,looks,nathan,vendication,youtube",0,1,17,1578752020,https://www.reddit.com/r/Creation/comments/en7vh3/looks_like_youtube_nathan83_dating_is_getting/
Creation,en4t0x,nanorancor,0,t2_11qytx,self.Creation,0,"creator,is,like,response,the,what","a,able,about,above,accept,actually,addicted,adhere,air,alienate,all,alone,also,alternate,always,an,and,animal,another,answer,anything,apart,are,as,aspects,at,azusfan,back,balance,based,be,beautiful,because,become,becomes,before,being,belief,better,between,beyond,bit,blind,bodily,body,bonds,both,breathe,building,but,by,call,can,cannot,carried,carries,carry,chain,charismatic,chemical,choose,christ,christianity,christians,clearly,color,come,comment,complete,complex,complexity,concept,concepts,conclusion,confused,consciousness,corrupted,could,courtroom,create,created,creating,creation,creator,creators,culture,dead,definition,degrading,depression,devil,did,didn,die,difference,different,diminishes,disprove,divided,dividing,divinely,do,does,doesn,doing,don,doom,down,dreams,driving,dwells,each,eating,ecosystems,effects,elephant,emotion,end,ending,enough,entangled,entirely,especially,essence,essentially,etc,even,event,ever,every,everything,everywhere,evil,excessive,executioner,exist,existed,existence,exists,explains,extends,extent,external,eyes,faith,falling,fate,fated,father,fillest,filthy,finite,first,fix,fixes,flawed,for,force,forced,fork,formations,free,from,fulfills,full,functions,general,generally,get,go,god,gods,goes,good,goodness,gospel,grand,grasp,guide,happiness,has,hate,have,he,hearts,heaven,hell,higher,highly,him,his,historical,history,how,however,human,humanity,humans,humble,hurt,i,idea,if,image,imitating,immuted,importance,important,impossible,in,inbetween,infinite,infinitely,inherently,innate,is,it,its,itself,jesus,judge,judged,jury,just,justice,kind,know,knowing,knowledge,language,law,laws,leaders,least,lets,lies,life,like,limited,limits,line,live,lives,living,logic,longer,look,lost,love,loving,lovingly,lying,made,making,many,mathematics,may,maybe,mean,meaning,means,medical,men,method,might,misunderstandings,modern,moral,more,most,motivation,must,mustn,mystical,nature,necessary,next,no,not,nothing,notion,now,objective,observations,obverse,of,on,once,one,only,open,or,order,ordered,originally,other,otherworldly,our,ourselves,outside,own,paradox,paradoxes,part,past,path,people,peoples,perspective,pertaining,philosophy,piece,place,placebo,planet,post,power,powerful,present,pride,principles,punishment,pure,qualities,rags,rather,read,reality,realize,really,reflection,regressing,relating,relationship,relationships,relies,rely,road,robotic,role,ruling,running,s,said,same,save,saved,saying,secluded,see,seem,seems,selfish,sense,sentient,separate,set,shock,since,so,some,something,somewhat,son,sovereign,special,star,start,state,still,stories,such,supernatural,supposed,t,take,technology,telling,temple,term,testament,testify,than,that,the,their,them,then,there,these,they,thing,things,thinking,this,though,thought,throughout,thus,time,to,together,tortured,towards,traditional,trinitarian,trust,truth,trying,two,u,unable,understand,understanding,unique,universe,unlimited,up,us,use,used,v,very,village,want,war,was,way,we,were,what,where,whether,which,whom,will,wills,with,within,work,works,world,would,wouldn,writing,wrote,yet,you",1,5,1578730051,https://www.reddit.com/r/Creation/comments/en4t0x/what_is_the_creator_like_response/
Creation,emxmx6,lisper,0,t2_2wp0,self.Creation,0,"an,informal,poll","a,agree,already,an,and,answer,around,astonishing,atheist,be,because,become,been,beliefs,can,christianity,com,comments,consensus,context,creation,creationism,creationist,curious,disagrees,do,don,effort,eggwl,ever,exchange,fck,fdfgbcx,for,found,goal,gt,hangs,has,having,he,help,here,https,i,if,im,important,in,interesting,into,invalidate,is,it,itself,know,l,like,m,me,nonetheless,odd,of,old,one,original,out,own,pauldouglasprice,pdp,points,prevailing,promote,putting,quality,r,rather,re,reddit,s,said,see,seems,so,someone,something,source,statement,succeed,t,that,the,then,think,this,those,to,true,try,u,undermine,understand,unique,ve,view,were,which,who,why,with,work,worldview,would,yes,you,your",1,16,1578692274,https://www.reddit.com/r/Creation/comments/emxmx6/an_informal_poll/
Creation,empetb,azusfan,"cosmic,watcher",t2_541cninl,self.Creation,0,"creator,is,like,the,what","a,about,altogether,an,and,are,awesome,base,be,belief,beyond,blind,broken,but,by,can,cannot,companion,complex,complexity,conclude,create,creation,creationism,creative,creator,do,does,dogma,drive,elephant,energy,even,evidence,examination,existence,for,from,fuzzy,galaxies,god,have,he,hidden,him,himself,his,human,i,imagination,in,infinite,inscrutible,inspired,interact,interest,is,it,know,knowledge,life,ll,logical,material,matter,men,might,more,mysteries,mysterious,mystery,not,nuclear,obscured,observations,observe,of,only,or,our,particle,perceive,perceptions,perceptors,perceptual,physical,poem,power,query,realize,reason,referred,relate,religious,results,reveals,scientific,see,seem,senses,smallest,so,some,space,spiritual,spreading,start,tell,that,the,these,this,thought,thread,through,to,unable,universe,us,vast,we,what,where,with,wonder,world,would,yesterday",1,39,1578653750,https://www.reddit.com/r/Creation/comments/empetb/what_is_the_creator_like/
Creation,emim5i,prettygame4ausername,"interested,noncreationist",t2_tmm41,self.Creation,0,"discourse,has,in,more,sub,theological,this,turned,why","and,another,back,being,bible,can,creationism,death,do,earthism,exists,feelings,from,front,get,god,has,how,in,more,nothing,old,on,other,page,paul,personal,please,prove,quotes,refutes,sciency,somehow,stuff,than,that,the,to,we,which,with",1,16,1578615216,https://www.reddit.com/r/Creation/comments/emim5i/why_has_this_sub_turned_more_theological_in/
Creation,emibot,alittleoblivious,yec,t2_caim6,thejohn1010project.com,0,"john,life,of,packages,project,the",0,1,1,1578613896,https://www.reddit.com/r/Creation/comments/emibot/the_john_1010_project_packages_of_life/
Creation,emeeyv,onecowstampede,0,t2_2wnbytl0,livescience.com,0,"expansion,problems",0,1,4,1578597473,https://www.reddit.com/r/Creation/comments/emeeyv/expansion_problems/
Creation,emd7ng,stcordova,"assistant,bio,molecular,physics,research",t2_79d54,self.Creation,0,"and,between,cody,cordova,discussion,marek,oecs,salvador,two,ycc,yec","a,about,accepted,ages,ah,all,also,and,anomalies,anyway,apologetics,are,aren,arrived,as,at,avoid,bang,based,be,beaters,become,been,believe,believes,better,between,bible,big,brothers,but,can,case,chemistry,christian,church,civil,claim,cody,com,combined,convinced,convincing,cosmos,could,crank,creationism,creationist,creationists,d,darwinist,darwinists,data,debate,debates,different,disagreement,disagreements,discuss,discussion,do,don,dunk,earth,empirical,even,evidence,expelled,failing,far,fashionable,flood,for,fossil,genesis,global,go,gt,half,hand,have,having,hear,here,heretics,historically,hour,how,however,https,hypocrisy,i,if,in,independent,invoke,is,issue,it,jesus,laws,less,letting,light,like,living,ll,local,lord,made,mainstream,marek,mega,members,millions,most,much,my,nevertheless,non,not,oecs,of,old,on,one,only,open,or,origins,our,outside,over,pastors,patriarchs,physical,physics,policy,pretending,professes,public,rather,record,said,salvador,save,savior,say,science,senior,serious,sharp,should,side,sides,slam,so,solar,someone,speed,strong,strongly,suggests,symbolic,system,t,talking,teach,terms,than,thank,that,the,their,theistic,them,then,theoretical,theories,theory,there,they,think,this,to,totally,treat,treated,ulqgnpm,unity,universe,university,v,variable,video,view,viewpoints,visible,w,watch,we,were,when,where,whereas,which,who,wife,will,with,worse,would,wouldn,www,y,ycc,years,yec,yecs,yet,young,younger,youth,youtube",1,5,1578592341,https://www.reddit.com/r/Creation/comments/emd7ng/discussion_between_yecycc_salvador_cordova_and/
Creation,embdx1,azusfan,"cosmic,watcher",t2_541cninl,self.Creation,0,"and,blind,elephant,men,revisited,the","a,about,actually,add,against,all,am,an,and,animal,approached,are,at,bawl,beast,began,begun,bless,blind,blindest,boldly,brains,broad,but,by,can,chanced,clear,climate,contemporary,cried,cultural,deny,disdainfully,disputants,disputed,does,e,each,eager,ear,elephant,empty,en,enough,even,exceeding,exist,extending,fact,fall,fan,feeling,fell,felt,fiction,fifth,first,fools,for,fourth,god,godfrey,grope,had,hand,hands,happening,has,have,he,here,his,hissed,ho,i,ignorance,imo,in,inclined,indostan,is,it,john,just,knee,last,learning,left,like,long,loud,make,man,marvel,me,mean,men,might,mighty,mind,modern,more,most,mr,much,needs,no,not,observation,obvious,of,oft,on,once,one,only,opinion,other,out,oversight,own,partly,perceptions,plain,poem,prate,quoth,rail,reached,relevant,religious,resembles,right,rope,round,s,said,satisfy,saxe,scope,second,see,seen,seizing,sharp,side,six,sixth,slight,smooth,snake,so,sooner,spake,spear,squirming,stiff,strong,sturdy,sure,swinging,t,tail,take,tell,th,than,that,the,them,theologic,there,these,third,this,though,thus,to,touch,tree,trunk,tusk,twist,up,update,utter,very,wall,wars,was,we,ween,went,were,what,who,will,within,wonder,wonderful,wondrous,wrong,you,your",1,2,1578584768,https://www.reddit.com/r/Creation/comments/embdx1/the_blind_men_and_the_elephant_revisited/
Creation,em8vr5,azusfan,"cosmic,watcher",t2_541cninl,self.Creation,0,"creator,evidence,experience,for,personal,the","a,abilities,about,accountability,actions,afterlife,agenda,align,all,also,always,an,and,angst,any,apply,are,argument,arguments,as,assurance,atheistic,avoid,be,being,beings,belief,believe,believers,bewildered,blind,broods,but,by,call,can,cannot,charlatans,choose,claim,claimed,common,compelling,conclusion,concoct,confused,consequences,contact,control,cope,creator,cultures,deceive,delusion,descriptions,difficulty,dimension,dismiss,dismissal,dismissed,do,dogmatic,dread,driven,due,easily,elephant,emptiness,escape,evidence,examine,existence,experience,experiences,fabricate,face,fantastic,fantasy,fear,fearful,find,flows,for,freely,gain,god,godless,gold,happened,hard,have,hindu,honey,human,humans,ideological,if,imaginations,in,innermost,instances,is,kind,let,life,lost,manipulating,manipulations,manipulators,many,material,meaning,men,metaphysical,might,milk,millennia,millions,mis,misperception,monetary,more,most,motivations,naturalism,no,not,observable,obvious,of,old,omnipresent,omniscient,one,only,or,other,others,our,over,overwhelming,parable,paved,people,perceptions,perceptive,perhaps,person,personal,picture,pleasure,possibility,propensity,prospect,purely,purpose,purposelessness,race,real,reality,really,reasons,regions,s,same,skepticism,smooth,so,some,someone,something,soul,spanning,spiritual,streets,such,supernatural,taken,tales,talking,terrified,that,the,their,them,there,these,they,thinking,this,thoughts,thousands,to,together,too,unable,universe,unwilling,us,valid,well,where,why,wishful,wishing,with,word,words,years",1,5,1578572433,https://www.reddit.com/r/Creation/comments/em8vr5/evidence_for_the_creator_personal_experience/
Creation,em0npd,onecowstampede,0,t2_2wnbytl0,self.Creation,0,kinesin,"a,abs,abstract,achieve,acids,acquisition,actin,action,alive,along,already,also,amino,an,ancestor,ancestral,and,any,approximately,are,around,article,articles,as,at,atp,author,be,before,being,between,biomedcentral,blatantly,bmcevolbiol,books,breakdown,but,by,called,can,cases,cdna,cell,cellular,coding,com,common,complete,complex,complexity,considerably,consisted,containing,contradicted,cough,course,current,cytoskeleton,data,demonstrate,depends,derived,descent,design,detection,developed,devolution,di,did,difference,differencebetween,different,difficult,direction,dna,does,doi,domains,driven,early,eefypbsxdn,encoded,energy,essential,eukaryotes,eukaryotic,even,everything,evidence,evolution,except,extant,fail,families,favorite,filament,find,first,fitting,focus,for,form,found,from,functions,gbycqf,get,given,giving,gov,greek,groups,guy,has,head,health,hello,here,highly,history,how,however,http,https,hundreds,hydrolyzes,i,idea,identified,image,in,independent,interconnected,intermediary,io,is,isolation,it,ixgjwg,kinesin,kinesins,kinesis,last,lcea,least,leave,liebertpub,like,likened,lineages,loss,majority,many,marvel,maximize,maximum,mbo,me,microtubule,min,models,molecular,molecule,molecules,more,motion,motor,motors,move,movement,moves,moving,muscle,myosin,mythical,name,nbk,ncbi,net,neuronal,nih,nlm,no,not,noted,now,nucleotides,o,obvious,of,on,one,operates,or,organisms,organization,ousflrozqhc,over,overview,pairs,paper,paralog,particular,per,phases,pii,polypeptide,possessed,powered,presented,prevailing,primitive,processive,proposal,protein,proteins,proto,railway,rate,recall,reference,region,related,relative,relevant,repertoire,requiring,results,reviewed,rise,ron,rrfh,s,same,sampled,say,science,sciencedirect,second,sequence,similar,similarities,size,slower,so,sounds,speed,stats,staying,steady,step,stepwise,structure,substrate,suggest,suggestive,suitable,sure,surface,surprisingly,systems,tbm,terms,than,that,the,there,these,thing,this,though,thus,tiny,to,top,track,tracks,trafficking,train,trains,transport,transportation,trend,trucker,two,types,u,universal,untranslated,vale,very,walking,was,were,whereas,which,why,with,word,working,www,you,youtu",1,6,1578525103,https://www.reddit.com/r/Creation/comments/em0npd/kinesin/
Creation,elspqh,pauldouglasprice,0,t2_46k3iah9,self.Creation,0,"apostle,before,christian,death,disavows,earth,old,paul,refuted,simply,sin,the,views","a,about,academic,adam,adjust,al,all,alone,along,although,amp,an,and,anything,apostle,area,argument,as,away,be,became,because,being,belief,between,beyond,bible,biblical,body,book,but,by,came,case,central,certainly,charles,christ,christian,christians,church,circles,clear,come,compromise,creation,creationists,cross,darwin,dead,death,did,die,died,do,doctrine,don,drastic,earlier,earth,earthers,empower,era,et,evolutionists,exclusively,expect,explain,explains,far,fashion,filled,flag,flows,foolishness,for,from,fulfill,fundamental,giant,god,has,held,help,his,hold,holding,holy,how,i,idea,ideas,if,in,indeed,inductive,integral,interpret,interpretation,into,is,it,itself,jesus,just,know,later,law,life,like,line,looks,lyell,makes,man,men,modern,much,must,natural,need,no,nobody,not,of,old,on,one,only,opinions,organic,original,outright,outside,part,paul,people,physical,physically,place,prevalent,prior,progressive,question,rather,reactionary,reason,red,references,referred,referring,refers,refute,refutes,rely,requirement,response,result,reversal,righteous,righteousness,rightly,romans,s,saying,says,scoffers,scripture,secular,sense,separation,sin,sinned,so,spirit,spiritual,spread,states,such,sufficient,t,taught,teaches,teaching,tenets,than,that,the,theistic,theists,then,therefore,these,they,think,this,thousands,through,throughout,to,try,two,various,very,view,views,wages,was,waver,way,ways,we,weak,were,what,when,whole,why,wisdom,with,without,word,world,would,wrote,years,you,your",1,47,1578490162,https://www.reddit.com/r/Creation/comments/elspqh/the_apostle_paul_disavows_death_before_sin_old/
Creation,elrqwy,azusfan,"cosmic,watcher",t2_541cninl,self.Creation,0,"creator,evidence,extinction,for,the","a,across,adapt,adaptation,added,adding,ago,all,ancestral,ancestry,and,animals,appearing,are,as,at,barbary,be,been,before,began,being,belief,big,biggest,but,can,cat,cats,century,certainly,clade,com,common,complexity,concerns,conditions,conflicts,conservationists,contained,creation,creationism,creator,current,days,decreased,decreasing,devolving,disappeared,diversity,do,does,dwindling,each,entropy,environmental,event,ever,evidence,example,examples,extinct,extinction,famed,familiar,families,family,felid,felidae,few,fewer,first,for,from,full,genetic,genomic,going,gone,had,has,have,https,if,imperative,in,includes,increased,increasing,is,isolation,it,jaguars,keep,kind,large,last,like,likes,lion,lions,list,lists,losers,losing,lost,m,many,mechanism,million,models,more,most,much,never,no,not,now,number,observable,observation,observe,observed,of,one,organisms,other,others,over,panthers,parent,past,people,planet,population,possible,prediction,predicts,protecting,ranker,reality,recent,recently,reflects,remaining,s,sabre,science,scientific,selects,short,simpler,since,slowly,some,starting,stock,support,th,than,that,the,their,then,there,these,this,thousands,tigers,time,times,to,toothed,traits,two,type,variability,varieties,various,via,want,warranted,was,we,went,while,wide,wider,winners,with,within,would,years",1,5,1578484470,https://www.reddit.com/r/Creation/comments/elrqwy/evidence_for_the_creator_extinction/
Creation,elkf9b,mrh2,"m,mensa,physics,sc",t2_8y18w,self.Creation,0,"evolution,issues,logical,two,with","a,about,adaptation,again,all,also,amazing,an,and,any,are,assuming,at,avoid,balance,be,better,between,but,by,can,cannot,capture,catch,catching,change,changes,checking,compared,complex,consider,convergent,create,created,creating,d,debateevolution,depends,disrupt,dna,do,doesn,don,driving,easy,eat,eats,echolocation,ecosystems,eliminate,end,enough,environmental,error,everything,evolution,evolve,exist,fast,faster,feedback,find,first,for,from,gone,hard,have,hearts,here,hostile,how,huge,i,impala,impetus,implala,in,intelligence,interactions,is,it,just,led,less,like,likely,likes,lion,lions,loops,loves,lungs,make,making,me,mechanisms,minor,more,much,mutations,nanomachines,negative,not,now,number,occuring,of,on,ones,or,other,out,overly,particularly,past,point,post,prevent,random,repair,result,s,secondly,see,seen,sense,should,simple,skillful,slightly,so,stabilization,stable,starves,t,take,tend,terms,than,that,the,then,theory,there,they,things,this,thought,thoughts,to,too,try,two,up,ve,very,vis,we,which,why,with,without,works,would,wouldn,zebra",1,36,1578442566,https://www.reddit.com/r/Creation/comments/elkf9b/two_logical_issues_with_evolution/
Creation,eliyiz,misterme987,0,t2_47tbvjxf,academic.oup.com,0,"birds,did,dinosaurs,evolutionary,evolve,from,not,research,shows,that",0,1,10,1578436173,https://www.reddit.com/r/Creation/comments/eliyiz/evolutionary_research_shows_that_birds_did_not/
Creation,elcdof,johnberea,0,t2_13iium,i.redd.it,0,"apologetics,creation,in,life,real",0,1,10,1578408044,https://www.reddit.com/r/Creation/comments/elcdof/creation_apologetics_in_real_life/
Creation,elcdd9,johnberea,0,t2_13iium,i.redd.it,0,"apologetics,creation",0,1,0,1578408004,https://www.reddit.com/r/Creation/comments/elcdd9/creation_apologetics/
Creation,ela3xw,azusfan,"cosmic,watcher",t2_541cninl,self.Creation,0,"belief,consequences,ideological,of,origins","a,abide,about,action,actions,affect,affiliations,after,age,ago,ain,all,almost,also,always,amoral,an,analyses,analyzed,ancestry,and,animal,announced,another,anything,ape,appear,are,armed,aryan,as,aspect,astonished,at,atheist,based,basis,battle,be,beast,became,been,before,began,belief,beliefs,benefit,better,between,bolshevik,book,boyhood,breed,breeding,build,but,by,c,can,cause,century,certainly,chavez,class,classes,common,communism,communist,communists,compels,comrade,conclusions,connection,consequence,consequences,consequential,construction,contemporary,contrary,controlling,core,correlated,correlations,country,create,creators,critical,criticised,cynical,darwin,darwinism,darwinist,death,deaths,decided,decision,defeating,deflection,delay,denying,desired,despots,destroy,developed,devoted,did,different,directly,do,done,doubts,driven,drives,drove,dry,during,e,early,easily,ecclesiastical,elite,else,engaged,enquired,entitled,equality,ethnic,every,everything,evolution,evolved,examination,examining,example,exclaimed,exiled,existence,existing,expanded,experience,expression,fact,facts,favoring,figures,final,find,fooling,for,foundation,foundational,free,friend,from,future,g,generations,genocide,girl,glurdjidze,goal,god,guide,had,happy,has,have,he,heard,help,helping,here,hesitation,highly,him,himself,his,historical,history,hitherto,hitler,honor,how,human,humanity,hundred,i,ideological,ideologies,ideology,if,ignore,imagine,immortal,implementation,implication,implications,impossible,impregnated,impressed,in,inappropriate,included,individual,influence,influences,initiators,inspired,instrumental,interrelated,is,it,joseph,just,khodorovich,kill,kinds,know,landmarks,law,lend,life,like,living,ll,long,man,mankind,mao,marx,marxist,material,materialist,maybe,me,meaning,methods,millennia,million,millions,mind,miss,mod,moderators,moment,morality,moscow,most,much,must,my,naive,nation,natural,naturalism,nature,necessarily,never,new,no,nonsense,not,notable,nothing,obvious,of,off,old,on,one,only,opinion,or,origin,originated,origins,other,others,out,over,parsed,people,percent,person,phrase,pol,political,pot,power,practical,pretend,private,property,provide,published,pupil,quite,quote,raging,read,reading,ready,real,reasons,recent,reckless,recognizing,reddit,referenced,reflects,reign,relates,religious,remain,responsible,reveal,revolutionary,robbery,russia,russian,s,sacrifice,said,say,school,scientific,see,seized,seminary,sense,sentiments,sergei,seventy,several,sheer,show,siberia,significance,significant,silence,so,society,socio,some,something,soon,soso,soul,sources,soviet,speak,spearhead,species,sphere,stalin,still,streams,student,subsequent,such,superhuman,support,supreme,t,talk,tangential,task,th,that,the,their,them,theme,then,theological,theory,there,these,they,things,think,this,those,thought,throughout,time,timeline,to,topic,traced,traits,turned,undertook,universe,unlimited,unprecedented,us,used,usefulness,vacuum,very,war,was,way,we,wealthy,were,what,while,whole,widely,will,without,words,world,would,writings,years,you,yr",1,4,1578394879,https://www.reddit.com/r/Creation/comments/ela3xw/ideological_consequences_of_origins_belief/
Creation,el8dpg,rayalot72,"evolutionist,nerd,philosophy",t2_ofntq,self.Creation,0,"barimonology,belief,dependent,god,how,in,is,on","a,about,accept,account,additional,align,all,an,and,animals,answered,any,anyone,apply,approximately,are,as,ask,at,barimonolgy,barimonology,barims,be,behind,belief,believe,best,biology,but,by,can,central,certainty,clarify,common,comparing,components,conclude,convince,created,creationists,defends,descent,differences,different,distinct,do,does,don,each,ensure,essentially,etc,evidence,evolution,evolutionary,evolutionists,exist,existence,experiments,fact,false,family,feel,few,for,forward,free,genus,geology,given,god,groups,ham,have,how,i,identify,if,in,is,issue,it,judgement,just,ken,kinds,know,level,likely,ll,matter,methods,model,more,most,motivations,narrow,not,notion,of,off,on,option,or,order,particulars,people,phylogenetics,phylogeny,posit,prefered,present,put,questions,regardless,relationships,respondents,rigorous,same,scenarios,should,similar,slight,some,strong,suppose,suspend,t,that,the,theistic,then,there,they,third,this,those,though,thought,throw,to,topic,two,universal,version,want,we,what,wide,will,with,won,would,you,your",1,15,1578382825,https://www.reddit.com/r/Creation/comments/el8dpg/how_dependent_is_barimonology_on_belief_in_god/
Creation,el6l4b,vivek david law,0,t2_526vfq87,self.Creation,0,"dinosaur,for,marine,overlap,request,self,study,tips","a,all,along,already,also,an,analyze,and,any,anyone,are,article,as,at,away,back,be,because,been,believe,best,between,biggest,bool,boundary,but,can,check,citation,class,classes,close,compared,compile,complicated,computer,confirmation,constantly,constinental,contain,continental,could,creating,creationist,cretaceous,d,data,database,decided,def,didn,died,dinosaurs,distinction,don,easier,easily,easy,en,epically,era,eras,ever,everything,everywhere,exactly,exist,expected,far,feedback,figured,find,findings,fish,following,for,form,formations,fossil,fossils,found,freshwater,from,further,geographic,geologic,get,getting,github,given,go,going,great,guess,has,have,helping,however,https,hub,i,ie,if,in,include,information,init,interested,into,is,it,killed,know,late,le,life,lifesaver,like,lines,list,listing,ll,location,look,looked,looking,m,magazine,major,make,marine,me,meteor,mexico,mixed,mixture,most,myself,name,names,near,no,now,ocean,of,officially,on,one,only,or,org,organize,other,out,papers,part,pass,people,period,pirate,point,pretty,problem,proximity,published,pulled,python,quickly,ran,randomly,re,recording,regard,research,retrieved,return,run,s,said,saltwater,sci,see,seem,self,should,site,sites,so,something,source,starting,study,suggestions,t,take,tandem,tertiary,that,the,then,these,they,think,thinking,this,through,tips,to,together,tried,tuples,turning,unkn,unusual,up,useful,using,value,values,various,ve,want,wanted,was,water,way,we,went,were,what,when,where,whether,which,while,wiki,wikipedia,wikipeida,with,won,work,would,writing,you",1,2,1578372824,https://www.reddit.com/r/Creation/comments/el6l4b/dinosaur_marine_overlap_self_study_request_for/
Creation,el3e7p,onecowstampede,0,t2_2wnbytl0,self.Creation,0,dna,"a,abbreviated,accidental,accurately,acid,acids,actually,agreed,all,almost,alphabet,always,amino,an,analogous,and,any,are,around,articles,as,assembled,atp,bad,be,because,book,books,breaks,brought,but,bwjuwtiyxi,by,c,call,can,cell,cells,cellular,central,chain,chapters,chemical,chemically,chromosomes,chromosomeslibrary,clever,code,codes,codon,codons,com,comment,compose,conservative,consider,correction,could,demonstrate,describe,detail,determines,detrimental,dialect,different,digital,dimensional,directions,dna,do,double,dozen,each,efstlgoynlk,elements,encoded,energy,english,entirely,exclusively,exist,exists,extensive,few,first,folding,following,for,form,forms,found,four,from,function,functioning,g,gbsibhfwq,gene,generated,genes,genetic,genome,good,great,grouped,groups,happening,happens,have,herman,histomes,https,i,if,in,information,informational,instructions,into,is,isolation,it,its,job,just,kmruzdyamei,know,ladder,language,largely,last,letter,letters,library,like,limitless,line,linguistic,link,linked,literally,living,m,machines,made,magazines,majority,make,many,means,messages,millions,min,molecular,molecules,more,mrna,muller,mullers,mutation,mutations,name,nature,nobel,not,nucleotide,nucleotideswords,nucleus,o,of,on,one,ones,only,opposite,or,organism,other,over,paired,pairs,paragraphs,parallels,part,pole,possible,prize,protein,proteins,quote,rare,ratchet,referred,replication,represent,reproducing,responsible,rna,run,s,section,semi,sentences,sequence,shape,showing,six,sixty,so,specific,stop,strand,stranded,strands,string,strings,structure,subunits,surviving,t,table,terms,tests,that,the,their,them,then,these,they,things,this,three,tnkwgcfphqw,to,together,top,totally,transcribed,transcription,translated,trying,twenty,twist,twisting,two,tyrnv,up,use,uses,usually,v,vast,via,video,was,watch,we,what,when,which,will,winner,with,word,words,workhorses,www,x,you,youtu,youtube",1,3,1578357860,https://www.reddit.com/r/Creation/comments/el3e7p/dna/
Creation,el1cl0,nomenmeum,0,t2_oogqj,blog.drwile.com,0,"dinosaur,incredible,more,results,soft,tissue",0,1,3,1578349007,https://www.reddit.com/r/Creation/comments/el1cl0/more_incredible_dinosaur_soft_tissue_results/
Creation,el15h3,onecowstampede,0,t2_2wnbytl0,youtu.be,0,"ancient,characters,chinese,depicted,di,genesis,in,narrative,shaddai,shang",0,1,5,1578348194,https://www.reddit.com/r/Creation/comments/el15h3/shang_di_shaddai_genesis_narrative_depicted_in/
Creation,ekosoq,brokensheep,0,t2_lh0bf,youtu.be,0,"been,explained,has,james,life,not,of,origin,the,tour",0,1,12,1578284897,https://www.reddit.com/r/Creation/comments/ekosoq/james_tour_the_origin_of_life_has_not_been/
Creation,ekogdd,saggyshealthalt,"creationist,denying,science",t2_4h4ws52t,self.Creation,0,"believe,created,do,earth,personally,was,what,year,you","a,about,according,after,and,any,as,at,b,be,belief,believe,c,chronology,compelling,creation,dates,finally,firm,flood,had,have,here,https,i,information,is,it,james,kge,like,looks,made,me,new,not,of,old,other,placed,reject,s,so,that,the,this,to,today,ussher,vi,video,was,watched,week,why,world,would,years,you,youtu,yrtc",1,12,1578283152,https://www.reddit.com/r/Creation/comments/ekogdd/what_year_do_you_personally_believe_earth_was/
Creation,ekk9qq,onecowstampede,0,t2_2wnbytl0,self.Creation,0,"biology,digging,still,structural,these,videos","a,abandon,able,about,abstract,acid,acids,across,action,after,all,almost,amino,among,an,and,any,apt,are,argument,article,articles,as,assuming,at,atp,atpsynthase,based,be,been,bioenergetic,biological,biologists,both,but,chain,chunk,citric,cle,coherent,coin,common,consider,content,cplqkfw,critique,cycle,dark,date,decided,derive,descent,did,different,directly,distribution,diversity,domains,doovwmk,dopt,either,electron,emphasis,en,enzyme,equivalent,essence,event,events,ever,everywhere,evidence,evolution,evolutionary,exact,facepalm,finger,flip,follow,for,forces,found,from,full,gene,genes,go,good,goodly,gov,grander,gymnastics,hand,happen,happens,has,here,hgt,highlights,highly,history,horizontal,hour,how,however,https,i,identical,if,improbable,in,independent,indistinguishable,individual,inference,inferred,information,infrequently,is,it,italicized,its,just,justify,k,kingdoms,know,l,large,last,level,life,likely,lineages,ll,longest,m,magic,many,mapped,markers,matter,mechanism,mental,min,mine,mir,mnys,modes,molecular,more,my,ncbi,neat,nih,nine,nlm,not,note,now,nullification,observed,occur,of,on,one,ones,only,or,order,ordered,org,organism,origins,other,owedo,p,past,patchy,pathways,perhaps,phrase,phylogenetic,place,pmc,possible,post,potentials,premise,primary,probably,prokaryotic,pronounced,protien,provides,pubmed,r,rdf,recall,regularity,relationship,repeat,representing,right,rrna,s,sake,saltational,say,scale,second,sequences,snap,so,some,source,species,spun,stop,structure,structures,stumble,such,suggests,supposed,synthase,take,thanos,that,the,them,then,these,they,think,thinking,this,those,throughout,to,transfer,transfers,transport,tree,try,uksfsc,unexploited,up,use,very,video,videos,wait,was,watch,watching,way,we,welcome,were,what,why,wiki,wikipedia,will,with,would,wut,www,wzqvu,x,y,yk,you,youtu,z,zqa",1,6,1578264029,https://www.reddit.com/r/Creation/comments/ekk9qq/still_digging_these_structural_biology_videos/
Creation,ekg44d,saggyshealthalt,"creationist,denying,science",t2_4h4ws52t,self.Creation,0,"did,happen,not,revolutionary,the,war","a,about,actually,advanced,aided,aliens,all,also,ammo,an,and,anything,are,armies,around,back,be,been,believe,believing,biased,blue,bunch,by,came,can,cannot,claim,classrooms,clothing,control,defeated,designed,designer,did,distorting,do,down,drugs,dumb,earth,ever,every,evidence,exist,expect,extensively,fake,farmers,fill,for,formed,funny,german,getting,giant,give,go,great,greatest,guns,guys,happen,has,hat,have,head,history,hope,hundreds,in,infinite,iq,is,it,know,lead,lies,line,made,me,men,mercenaries,millions,mind,money,more,nation,need,no,not,of,on,one,origin,over,pal,passed,people,plant,play,population,probably,proof,really,refuted,revolutionary,saw,science,scientific,seed,side,slowly,so,some,something,spontaneously,spread,started,states,stories,story,studies,such,take,teacher,teachers,texts,that,the,their,them,themselves,there,these,they,thing,think,time,to,trusted,united,universe,unskilled,up,wanted,war,warp,was,we,websites,were,while,with,written,wrote,years,you,young,your",1,7,1578245799,https://www.reddit.com/r/Creation/comments/ekg44d/the_revolutionary_war_did_not_happen/
Creation,eke27m,azusfan,"cosmic,watcher",t2_541cninl,self.Creation,0,"phony,science","a,aberrant,abortion,absurd,accelerating,acts,actually,ad,age,agenda,aka,all,almost,already,also,america,american,americans,amoral,amp,an,ancestry,and,anti,any,anything,are,areas,arguments,as,at,atheistic,attacking,attacks,attraction,baby,based,basic,basis,bastiat,be,before,behavior,being,belief,beliefs,believe,bigoted,biological,black,blob,body,bombers,borders,born,box,breed,brought,burning,but,by,can,cannot,capitalists,cars,change,changes,chaos,child,choice,choose,civilians,claim,collectivist,committing,common,completely,confederate,constantly,contrived,cool,core,create,creator,crime,criteria,critics,cultural,daily,darwinist,data,day,deceptive,decree,defending,demand,demonize,demonstrate,demonstrated,despised,deterrent,devalue,did,disagree,division,divisive,do,does,dream,driven,drop,drugs,dwindling,dying,earth,easy,eats,elite,else,enable,euphemisms,even,every,everybody,everyone,everything,evidence,evil,evildoers,exclusively,experiment,facts,fake,fallacious,false,favorite,few,fiat,fiction,firearm,flawed,follow,food,for,free,from,fun,gender,genetic,given,global,govt,great,greenies,growing,guns,happen,has,hate,have,her,here,hip,historically,history,hominem,homosexuality,human,hysteria,i,identity,ideology,ignores,immigrants,immigration,immorality,impossible,in,inconsequential,individual,indoctrinated,indoctrination,inflation,inside,instigate,into,irrational,is,islam,it,juggernaut,juggled,kill,kind,left,less,life,lifetime,like,live,lives,logistically,longer,love,machine,make,mammalian,man,mandated,many,marxist,matter,meets,memes,merely,militant,monetary,money,more,mother,movement,much,must,my,narrative,narratives,nation,naturalism,necessities,need,negatives,new,no,normalize,not,o,obsessed,of,off,on,one,only,open,opened,opportunity,opposite,option,or,orderly,origin,orwellian,other,out,overload,pandora,part,peace,people,perception,person,phony,pleases,policy,possible,poster,presented,pretends,principles,print,privilege,problems,produce,production,progressive,progressivism,promote,promoted,promoting,propaganda,prosperity,proven,race,racist,rather,reality,reasoning,record,redefines,relentless,religion,repercussions,reproduction,revising,ridicule,rights,rioting,roots,rule,ruling,s,save,science,scientific,sedition,self,sets,settled,sex,sexual,she,should,slogan,so,socialism,society,solution,solve,some,somehow,speak,species,statistics,statues,stop,studies,successful,suggest,suicide,supported,system,terms,terrible,terrorist,than,that,the,their,them,there,they,this,those,time,timeline,tissue,to,topple,traditional,traits,transfers,transformation,transforming,trendy,trumps,try,tune,turn,underway,unique,up,used,usually,utopia,values,violence,warming,was,way,we,wealth,went,what,which,while,white,who,wing,with,witnessed,woman,working,would,wrote,you,your",0,12,1578236662,https://www.reddit.com/r/Creation/comments/eke27m/phony_science/
Creation,ek8g7b,brokensheep,0,t2_lh0bf,creation.com,0,"agenda,charles,free,from,hidden,lyell,moses,s,science,to",0,0,9,1578200780,https://www.reddit.com/r/Creation/comments/ek8g7b/charles_lyells_hidden_agenda_to_free_science_from/
Creation,ek6mno,footballthoughts,"biblical,creationist",t2_2u387j9q,answersingenesis.org,0,"egypt,evidence,famine,genetic,in,joseph,s,supports",0,12,34,1578191257,https://www.reddit.com/r/Creation/comments/ek6mno/genetic_evidence_supports_josephs_famine_in_egypt/
Creation,ek5beq,alittleoblivious,yec,t2_caim6,thejohn1010project.com,0,"john,living,machine,project,the",0,2,3,1578184794,https://www.reddit.com/r/Creation/comments/ek5beq/the_john_1010_project_living_machine/
Creation,ejx0ia,azusfan,"cosmic,watcher",t2_541cninl,self.Creation,0,"establishment,of,religion,state","a,about,academia,account,acknowledged,act,adopted,after,agenda,aguillard,aka,al,allegedly,allegiance,allowed,along,alternate,amendment,america,american,amp,an,ancestry,and,anti,any,appealed,appeals,appearance,approached,are,areas,arkansas,as,aspect,at,atheism,atheistic,attempt,backward,balanced,ban,banned,banning,basis,be,became,because,become,been,belief,beliefs,bible,biblical,bigotry,biology,board,bobbleheads,bow,boys,branches,bring,but,butler,by,called,capistrano,carefully,censor,centered,centers,century,chomsky,christian,circuit,cities,clarence,classes,clause,clearly,coasts,cobb,collectivist,commie,common,commonly,communists,concepts,considered,constantly,contains,content,control,convictions,cooper,core,could,county,court,courts,craig,creation,creationism,creator,crime,critically,culture,curriculum,darwin,darwinian,dates,decade,decades,declared,decrees,dedicate,dedicated,deep,demand,demanded,descent,destructive,dewey,disclaimer,district,dominant,domination,don,down,dupes,dysfunctional,early,easy,education,educational,edwards,either,elaborate,emphasis,epperson,equal,establishment,et,every,everywhere,evolution,example,except,exclusive,exclusively,exercise,expressions,extent,fact,fascinating,federal,feeble,filter,finding,first,fodder,followed,following,footing,for,found,free,from,genesis,get,give,given,goal,god,government,govt,great,guise,had,hailed,hapless,has,hate,have,here,high,hijacking,historical,how,humble,hunts,ideological,ideology,if,in,independent,indoctrination,indoctrinees,influences,initially,institutions,instruction,integral,interruption,into,is,isn,it,judge,judicial,just,know,label,law,laws,left,legislative,legislatures,lenox,less,like,living,locales,long,louisiana,man,mandate,mandated,many,marx,material,may,mclean,mention,merely,middle,mind,minimal,mocking,money,monkey,monopoly,more,most,motto,movement,murray,nation,naturalism,naturalistic,needed,neglected,new,ninth,noam,nod,non,not,note,notice,now,obeisance,of,off,offered,official,often,on,one,only,open,opposition,origin,origins,other,our,out,part,passes,peloza,people,period,philosophical,piety,pinnacle,pledge,prayers,presented,priests,probably,professional,progressive,progressives,progressivism,prohibit,promote,provided,public,publicly,put,raged,re,realized,referenced,regarding,religio,religion,religious,remember,repeals,replaced,required,requirement,requiring,rid,ridicule,right,roosevelt,rule,ruled,rules,run,s,sanger,school,schools,science,scopes,selman,set,settled,seventh,short,should,shows,silence,slow,so,sought,sowell,spirituality,standard,state,stated,states,stickers,strikes,strong,studied,study,submissive,such,suggestion,suit,supernatural,superstitious,supreme,sympathetic,system,t,taking,target,taught,teacher,teaching,tennessee,textbook,textbooks,th,than,that,the,their,themes,themselves,then,theories,theory,there,they,things,think,this,thomas,those,thumb,time,timeline,tirelessly,to,today,too,topics,traditional,training,transition,treatment,trial,true,trust,turn,u,unconstitutional,under,universal,universe,until,unwitting,upheld,us,used,utopia,v,values,very,view,violated,voice,waning,wants,war,warning,was,we,webster,weeds,went,were,what,whenever,where,which,who,whole,why,wilson,witch,with,worked,world,worldview,would,ww,years,you",5,86,1578146847,https://www.reddit.com/r/Creation/comments/ejx0ia/state_establishment_of_religion/
Creation,ejp7xk,gmtime,"christian,yec",t2_ng8cw,youtu.be,0,"a,by,c,doodle,evolution,funeral,great,lewis,myth,of,popular,s,the",0,18,7,1578100627,https://www.reddit.com/r/Creation/comments/ejp7xk/the_funeral_of_a_great_myth_of_popular_evolution/
Creation,ejopwj,apophis pegasus,0,t2_meosy,self.Creation,0,"accepters,and,believe,creationists,do,dogs,equal,evolution,fight,have,in,many,seem,so,that,this,to,why","a,about,an,and,are,as,because,being,believe,but,care,christians,compute,creationism,creationists,crisis,deep,degrees,doesnt,dont,either,evolution,evolutionists,except,existential,for,frequently,from,hand,hear,i,if,in,into,is,it,majority,many,materialists,mean,much,naturalists,not,of,often,or,out,perspective,philosophical,presents,really,reject,religious,scientists,so,some,spitirual,such,supernatural,talk,that,the,theistic,theory,there,they,theyre,to,too,turn,unless,valid,variant,varying,want,was,what,whe,wouldnt,youd",1,60,1578098338,https://www.reddit.com/r/Creation/comments/ejopwj/why_do_so_many_creationists_seem_to_believe_that/
Creation,ejn2o7,saggyshealthalt,"creationist,denying,science",t2_4h4ws52t,4thdayalliance.com,0,"a,ago,astronomy,but,creation,great,happened,it,like,looks,on,stopped,them,they,to,updating,website,what,years",0,0,2,1578091187,https://www.reddit.com/r/Creation/comments/ejn2o7/a_great_website_on_creation_astronomy_but_what/
Creation,eje2pl,azusfan,"cosmic,watcher",t2_541cninl,self.Creation,0,"bang,big,or,spin","a,acceleration,accept,account,add,age,agenda,all,allegedly,allowing,also,an,and,any,arbitrarily,are,as,aside,assign,babble,back,bang,be,been,big,billion,billions,bobbleheads,but,by,called,can,candy,cannot,choose,condition,continuity,could,current,declared,did,do,dogmatically,dramatic,driven,during,eager,earliest,early,eat,entire,even,eventually,expand,expansion,explained,exploded,fantastic,fantasy,far,filled,filling,fluctuations,fold,for,form,framework,galaxies,generated,get,glibly,godless,going,gov,grew,growing,gsfc,gullible,happen,have,having,here,how,https,ideologues,if,imaginary,impossibility,in,inertia,inflation,instant,is,it,its,just,knowing,known,laws,less,light,like,map,matter,mechanism,millions,moments,more,nasa,natural,news,no,not,now,observations,observed,occured,of,on,or,origins,other,overcoming,period,phenomenon,physical,physics,place,posit,really,repeated,says,science,second,see,seen,set,settled,skepticism,so,space,speculation,spinnings,standard,stops,suddenly,suggested,support,suspending,techno,than,that,the,them,then,theory,there,they,this,thousands,tiny,to,took,trillion,trillions,trillionth,trillionths,underwent,universe,up,vaporize,wait,waves,way,we,were,what,when,where,why,without,wmap,would,years,yet,you",5,48,1578050069,https://www.reddit.com/r/Creation/comments/eje2pl/big_bang_or_big_spin/
Creation,ejczim,vivek david law,0,t2_526vfq87,self.Creation,0,"cretaceous,dinosaurs,fossils,found,late,marine,with","a,about,after,and,animals,any,anyone,are,around,article,as,avoid,be,because,becomes,before,behind,but,case,caught,caused,complaining,creationist,creek,cretaceous,dangerous,dating,dinosaur,dinosaurs,disappeared,doubts,enough,eons,evidence,example,examples,except,extinct,fiction,flood,for,fossils,found,frank,from,further,global,good,has,have,hell,here,how,however,https,hypothesis,i,icr,ie,if,imp,impact,in,inquiry,is,it,keep,large,late,like,line,lot,m,mainstream,make,makes,many,marine,me,meteor,mixed,mixing,myths,nevertheless,new,not,noticed,of,on,one,org,other,out,over,paper,particularly,people,plausible,popular,presented,preset,press,primary,proven,questioning,rather,re,read,reading,realize,regularly,repeatedly,reports,research,rocksagain,s,say,saying,scientific,scientists,seem,seems,should,slant,so,solid,somewhat,sources,stick,strong,study,talked,than,that,the,there,they,thing,think,this,time,to,try,tsunami,turning,up,validity,valuable,ve,warrants,we,weakened,well,went,were,when,which,who,wiping,with,wonder,world,worldwide,worthy,would,wrong,www",16,26,1578042593,https://www.reddit.com/r/Creation/comments/ejczim/late_cretaceous_dinosaurs_found_with_marine/
Creation,ej95dq,saggyshealthalt,"creationist,denying,science",t2_4h4ws52t,self.Creation,0,"a,astronomy,debate,having,help,i,life,m,month,need,next,on,real,starlight","a,about,advance,ahead,already,also,always,an,and,anisotropic,anything,archeology,as,asc,astroid,astronomical,astronomy,attempt,audience,bullet,closing,combat,come,convention,craters,debate,did,distant,does,dozen,each,eager,earth,evolutionist,fire,fit,focus,focused,for,from,front,geology,go,having,he,help,here,hits,hour,how,i,if,in,into,is,it,knows,m,main,maybe,me,millions,min,minute,minutes,month,moon,my,next,not,of,old,on,one,opening,opponent,other,people,permitted,pieces,points,problem,rapid,redshifts,request,result,side,slideshow,small,so,speech,starlight,statements,step,support,synchrony,thanks,that,the,then,this,time,to,understood,was,ways,well,what,where,while,whole,will,with,years,young",10,37,1578020640,https://www.reddit.com/r/Creation/comments/ej95dq/im_having_a_real_life_debate_next_month_i_need/
Creation,ej5f82,saggyshealthalt,"creationist,denying,science",t2_4h4ws52t,icr.org,0,"biological,creation,for,fossils,in,institute,of,remnants,reports,research",0,7,6,1578003892,https://www.reddit.com/r/Creation/comments/ej5f82/85_reports_of_biological_remnants_in_fossils/
Creation,ej2ipu,ronsmorynski,0,t2_15id8nnb,self.Creation,0,"dogs,don,just,t,they,use,why","a,actually,ahh,all,and,animal,animals,awesome,bam,based,between,bulldog,came,can,cg,chicanery,chihuhua,chillin,creations,dna,dogs,don,draw,evidence,evolution,evolutionism,examine,examples,fake,from,german,got,here,history,how,images,in,instead,just,know,labrador,lame,let,lines,live,magic,many,match,mix,not,now,observable,of,oh,on,out,p,painterly,perfect,poodle,poof,posters,primitive,proof,roll,s,see,shape,shapes,shepherd,show,simple,skull,so,some,something,soooo,specimen,stop,strange,strata,superior,t,that,the,their,them,then,they,things,this,those,to,use,we,where,why,with,wolf,yeah,you",1,18,1577991869,https://www.reddit.com/r/Creation/comments/ej2ipu/why_dont_they_just_use_dogs/
Creation,ej2650,ronsmorynski,0,t2_15id8nnb,self.Creation,0,layers,"a,abbeys,admits,ages,all,amazing,and,anyone,as,at,atheists,atmosphere,away,before,bible,blink,bold,bury,burying,by,can,claim,colorations,consistency,contortions,counties,crazytown,creatures,dark,dear,decay,densities,density,different,dirt,down,droves,environment,erosion,even,ever,explains,eyes,feet,fields,for,from,get,getting,go,god,has,here,hey,i,illogical,in,inches,incredible,is,isn,it,just,kind,laid,lay,limestone,links,man,me,microbes,mixing,moisture,most,moving,my,myth,necks,new,no,noted,obvious,of,off,okay,on,one,or,our,over,play,ploy,rain,re,reprobate,right,rush,s,same,sands,sandstone,scavengers,shale,shrug,shrugging,slowly,so,sort,start,states,stone,sun,swathes,swears,t,that,the,them,themselves,then,there,they,thick,this,to,truth,turn,typing,upon,upto,was,wash,we,were,with,witnessed,yeah,years,yet",0,48,1577990382,https://www.reddit.com/r/Creation/comments/ej2650/layers/
Creation,ej18fv,vivek david law,0,t2_526vfq87,self.Creation,0,"beginnings,eden,ediacaran,land,life,mysteries,of,on,the","a,about,ac,acceptance,ad,admittedly,af,africa,after,age,ago,all,already,also,always,am,an,analysis,analyzed,ancestor,ancient,and,angelfire,animal,animals,answer,any,anything,appearance,appears,archaeopteris,archeological,archeology,are,area,around,arrival,artist,as,associated,assumed,assure,astrobio,at,australia,avalon,away,b,basalt,based,basin,be,because,been,before,began,begrudging,being,believe,believed,beothukis,better,between,bf,biggest,bit,bound,but,by,cambrian,can,canada,cast,certainly,charnia,color,com,come,coming,comments,commons,complete,conclusions,concrete,content,context,cooling,could,counter,course,creation,creationism,creationists,creature,creatures,creaures,credibility,current,currently,currents,d,da,days,deep,deer,denied,dessert,detractors,devonian,dickinsonia,did,didn,discovered,do,does,doesn,don,e,earlier,earliest,early,earth,eating,eden,ediacara,ediacaran,ediacarans,edicaria,edicarian,edu,edyusb,elephant,else,en,entered,entire,era,erosion,establish,evidence,evolution,evolutionary,evolved,example,exceptions,exciting,existed,existing,expected,expert,extinction,familiar,ferns,few,fig,figure,file,find,findings,first,fish,fit,flood,floor,followed,following,for,form,forms,forrest,fossil,fossilized,fossils,found,fractofusus,from,fruits,gaia,geographical,given,glimpse,global,globe,go,going,grass,grazing,gregory,guessed,had,has,have,he,help,here,hills,him,his,history,hold,homeland,horsetails,how,however,html,http,https,human,i,if,image,imagine,implication,important,impression,in,incidently,index,indicates,insects,instead,interaction,interesting,interpreted,into,is,it,jpg,just,kimberella,land,lasts,later,layers,leading,lichen,lichens,life,lifeforms,like,linked,live,long,look,looked,looking,looks,lycophytes,make,mankind,many,marine,me,media,met,meta,methane,might,million,modern,molds,mollusk,more,moreover,most,much,multicellular,must,my,mystery,nama,named,namibia,net,new,newfoundland,news,no,not,nothing,now,obviously,ocean,oceans,of,offers,old,oligocene,on,one,only,opposing,opposition,or,org,organisms,origin,other,otherwise,our,out,over,paleosol,paper,papers,peninsula,period,permian,perspective,photosynthesis,picture,plant,plants,plenty,plumosa,point,posed,precambian,precambrian,predation,preserved,previously,problem,prominent,pteridiunum,purported,purposes,quadrata,questions,r,range,rangemorphs,rangeomorph,rangeomorphs,real,reason,reasons,receiving,recent,recognized,record,red,reddit,research,researcher,researchgate,reserach,rest,retallack,rettalack,rock,root,roots,s,said,savannahs,says,science,scientist,scientists,sea,sediment,sediments,seeds,seem,seemed,sense,several,shapes,short,should,show,shows,sign,similar,simple,simply,sit,sites,skin,slime,small,so,social,soil,soils,some,spanned,specialist,species,spend,stand,started,staunch,study,suggest,suggested,suggesting,supposedly,swartpuntia,system,t,take,taking,taxa,teach,telltale,temperate,terms,than,that,the,their,theory,there,these,they,thin,thing,thinking,this,though,thought,time,to,too,tree,trees,triassic,tube,turn,two,under,unique,until,unusual,uoregon,up,upload,upright,us,various,vehemently,very,view,walking,want,was,water,we,well,were,what,which,who,why,wiki,wikimedia,wikipedia,will,wind,with,without,woodlands,world,worms,would,written,www,years,yec,you,young",1,28,1577986328,https://www.reddit.com/r/Creation/comments/ej18fv/beginnings_of_life_on_land_mysteries_of_the/
Creation,eizkxe,jdmiller82,"creationist,evolutionary",t2_8my9q,apple.news,0,"calculates,computer,dna,of,root,square,test,the,tube",0,1,0,1577978854,https://www.reddit.com/r/Creation/comments/eizkxe/test_tube_dna_computer_calculates_the_square_root/
Creation,eisc76,onecowstampede,0,t2_2wnbytl0,youtu.be,0,"biology,how,its,like,made,on,structural,videos,watching,youtube",0,1,10,1577934429,https://www.reddit.com/r/Creation/comments/eisc76/structural_biology_videos_on_youtube_its_like/
Creation,eirg13,vivek david law,0,t2_526vfq87,self.Creation,0,"creek,debateevolution,dishonesty,fossils,hells,marine,of","a,about,abundant,access,accusations,add,after,agree,agrees,all,along,also,am,america,amp,ample,and,animals,anyone,are,areas,argue,arguing,as,at,attributed,authors,b,back,badlands,banks,be,been,being,berkley,best,better,between,brackish,brief,but,by,c,call,calls,can,case,changes,changing,check,cited,claim,clays,clear,coal,com,comes,comments,commonly,conclusion,cones,considered,consistent,content,contravening,could,creation,creationism,creationists,creek,cut,dakota,day,dead,debateevoluion,debateevolution,deposits,did,didn,died,dinosaurs,discussion,dishonestly,dishonesty,do,does,doesn,dog,doi,don,done,drawn,drowned,due,during,eaiqev,ecosystems,edward,either,engaging,epoch,even,event,evidence,evolution,example,exercising,existed,expect,experienced,faith,fight,finding,findings,fish,flood,flooded,flooding,followed,for,form,formation,forth,forward,fossilized,fossils,found,free,fresh,freshwater,from,geological,geologists,glance,global,go,goes,going,good,gt,guilded,had,has,have,hcf,hell,hells,hellscreek,here,hey,hoganson,horizons,how,however,htm,https,i,ie,if,ignorant,implied,in,including,innocent,interior,is,isn,issue,it,john,johnson,just,kirk,know,lacks,land,large,layers,least,let,level,lie,like,list,lithostratigraphy,live,ll,long,lot,lying,m,magazine,make,mammals,many,marine,me,mean,means,members,might,misquoted,misunderstandings,mollusks,month,mosasaur,most,much,mullosks,murphy,my,myself,nature,new,newyorker,no,noachian,non,north,not,note,now,occasions,occur,occurs,ocean,octopuses,of,often,on,one,only,opinions,opposition,or,originally,other,others,our,out,outright,overflowing,page,paleosols,paper,papers,parts,past,people,period,periods,pieces,pine,plants,point,points,popcorn,post,poster,posts,present,pretend,pretty,proves,proximity,published,question,quick,quote,r,rather,read,realized,reasonable,record,reddit,releases,research,response,results,retitles,ridiculous,river,rivers,roots,s,salt,same,samples,say,saying,says,sciencedaily,scientist,scientists,sea,seaway,second,sediment,see,sense,sharks,short,simply,singe,single,so,society,soil,species,stating,stop,strongly,stuff,sub,such,support,surprise,surprised,suspicious,swam,t,tackle,take,takes,talked,terrestrial,than,that,the,their,them,there,these,they,thing,things,think,this,those,time,to,today,together,top,tsunami,turtles,two,uncalled,us,using,usual,utter,varieties,ve,vicious,voice,w,want,was,water,waters,way,we,weather,weathering,well,were,western,what,when,where,while,who,why,wikipedia,with,worth,would,www,x,yet,yorker,you,yourself",1,19,1577930083,https://www.reddit.com/r/Creation/comments/eirg13/dishonesty_of_debateevolution_hells_creek_marine/
Creation,eintph,stcordova,"assistant,bio,molecular,physics,research",t2_79d54,self.Creation,0,"biology,definitions,dependence,entropy,fitness,genetic,information,no,nor,of,on,revolution,structural,the,with","a,ability,able,above,absurdities,accessible,accord,acid,advocated,alludes,along,also,altogether,amino,amp,and,anemia,anyone,appears,are,area,areas,argument,arguments,as,assistants,associates,at,author,avoid,avoidance,avoided,avoiding,badly,basis,be,because,before,being,beneficial,biology,biophysics,brilliantly,but,call,came,can,case,catalytic,cell,claim,com,confusing,cordova,creation,creationevolutionuniversity,cutting,d,darwinian,darwinists,days,defined,definition,definitions,deleterious,demonstrate,describing,developments,did,discipline,dispense,dispensing,do,down,dr,draft,dysfunctional,easily,edge,emphasize,en,enabled,entorpy,entropy,even,evolutionary,examines,example,fact,far,favor,feature,few,field,fit,fitness,flawed,focus,following,for,framing,from,function,functional,functionality,gene,generous,genetic,genetics,geometric,he,health,here,high,him,his,holes,hope,http,https,hypothesis,i,idea,ill,in,information,insight,inspiration,instead,institutes,interview,is,it,john,journals,known,lead,leverage,like,literature,ll,load,lol,loss,lot,lots,m,machines,made,mainstream,me,mechanical,medical,minute,molecular,more,most,much,mutation,mutational,my,national,neutral,new,nor,notable,note,notions,objection,obscure,obvious,of,on,one,only,org,other,own,p,pauldouglasprice,population,pretty,probability,problem,problems,protein,proteins,publish,rabbit,random,rather,regard,relates,relevant,reporting,research,reviewed,s,said,salvador,sanford,school,science,senior,sequence,several,should,sickle,simpler,since,so,somewhat,structural,structure,such,term,terms,that,the,their,theoretical,theory,there,they,things,this,thus,tied,to,totally,traditional,traits,understanding,use,useless,v,ve,vgwkhdwkedw,video,was,watch,we,which,who,wiki,wikipedia,will,with,work,works,www,you,youtu,youtube",1,4,1577912939,https://www.reddit.com/r/Creation/comments/eintph/genetic_entropy_20_with_no_dependence_on/
Creation,eijzsn,stcordova,"assistant,bio,molecular,physics,research",t2_79d54,self.Creation,0,"an,and,are,ask,block,blood,can,cells,enucleated,evolution,example,good,list,me,my,not,of,on,people,questions,reductive,terms,who","a,absorbed,adapt,adds,also,altering,an,and,another,are,article,as,at,bacteria,be,beat,because,becoming,belongs,benefit,biologists,block,blood,both,but,by,can,cells,comments,completely,creatures,definition,deliberate,did,didn,directly,dominant,dust,efficiently,either,eliminate,en,endosymbiont,endosymbionts,enough,enter,entire,enucleated,equivocate,every,evoltionary,evolution,evolutionary,example,falsehoods,feel,fit,for,found,free,from,functional,further,general,genes,genome,germline,get,give,given,gladly,god,gogglesaur,good,grants,gt,guest,haldane,has,have,heart,help,here,herrings,his,host,https,i,idea,if,in,intracellular,investment,irrelevant,is,it,its,let,light,like,likely,list,living,ll,longer,lord,losing,lost,m,me,micro,microorganisms,mode,more,must,my,net,newly,no,not,nothing,obfuscate,occur,of,off,on,one,only,or,org,organism,organisms,organs,other,outside,parasites,pathways,people,planet,point,prevent,process,provided,put,puts,read,real,receive,red,reddit,reducing,reductive,redundant,relationship,remove,request,respond,restrict,restrictive,result,rid,s,said,sandals,say,saying,see,sets,shake,since,so,somatic,some,someone,spin,start,starts,state,steward,survive,symbiogenesis,t,tagged,tags,tape,terms,that,the,their,them,they,things,those,thread,threads,thrive,throw,time,to,too,top,topic,try,ultimately,undergo,us,ve,was,what,when,where,which,who,whole,whom,wiki,wikipedia,will,witchdoc,witchdocs,with,won,worms,would",1,1,1577895383,https://www.reddit.com/r/Creation/comments/eijzsn/are_enucleated_blood_cells_an_example_of/
Creation,eieh06,saggyshealthalt,"creationist,denying,science",t2_4h4ws52t,self.Creation,0,"can,creation,examine,for,great,happy,how,let,make,r,subreddit,this,us,we,year","a,activity,admit,advertisement,almighty,almost,already,amount,and,are,arguing,as,ask,asking,base,based,be,better,bible,brand,but,can,christianity,comments,controversy,cozy,creation,creationism,creator,debateevolution,decade,definitely,degree,doing,double,earth,even,everyone,evo,evolution,few,flaws,flood,for,fortress,full,game,general,get,great,gt,happy,has,have,help,him,if,in,inactive,information,interest,is,it,kind,learn,let,liars,likes,literacy,little,lurking,man,many,may,meant,message,more,new,not,of,on,or,our,ourselves,past,people,place,plenty,praise,pray,praying,put,r,read,redditors,religion,resolutions,s,scientific,should,shown,some,start,support,teach,that,the,them,there,this,those,to,together,truth,understanding,we,websites,what,whole,with,world,year,yet,you,young",1,7,1577856055,https://www.reddit.com/r/Creation/comments/eieh06/happy_2020_rcreation_let_us_examine_how_we_can/
Creation,eidsmr,misterme987,0,t2_47tbvjxf,i.redd.it,0,"creation,happy,new,r,to,year",0,1,7,1577852054,https://www.reddit.com/r/Creation/comments/eidsmr/happy_new_year_to_rcreation/
Creation,eiclqs,vivek david law,0,t2_526vfq87,cs.unc.edu,0,"and,computer,dating,david,game,plaisted,proff,radiometric,science,the,unc,yec",0,1,3,1577845052,https://www.reddit.com/r/Creation/comments/eiclqs/the_radiometric_dating_game_david_plaisted_unc/
